step,speedX,speedY,speedZ,angle,trackPos,damage,rpm,gear,accel,brake,steer,targetSpeed,section,front,best_i,best_distance,anglePlan,severity,track_0,track_1,track_2,track_3,track_4,track_5,track_6,track_7,track_8,track_9,track_10,track_11,track_12,track_13,track_14,track_15,track_16,track_17,track_18
100000,-0.00913045,-0.00302988,0.00318209,0.00822276,0.333439,0.0,5235.99,1,0.45,0.0,-0.03834897388039673,175,SHALLOW,62.0267,9,62.0267,0,0.26165666203703697,5.70304,12.6267,22.455,140.486,90.9268,77.357,71.6721,67.3518,64.5773,62.0267,59.6744,57.4982,54.7119,51.8501,47.2417,40.0655,31.0431,22.7658,11.2227
99999,-0.00913045,-0.00302988,0.00318209,0.00822276,0.333439,0.0,5303.22,1,0.45,0.0,-0.07132909141753792,175,SHALLOW,62.0267,9,62.0267,0,0.26165666203703697,5.70304,12.6267,22.455,140.486,90.9268,77.357,71.6721,67.3518,64.5773,62.0267,59.6744,57.4982,54.7119,51.8501,47.2417,40.0655,31.0431,22.7658,11.2227
99998,-0.00913045,-0.00302988,0.00318209,0.00822276,0.333439,0.0,5371.3,1,0.45,0.0,-0.09969199249947934,175,SHALLOW,62.0267,9,62.0267,0,0.26165666203703697,5.70304,12.6267,22.455,140.486,90.9268,77.357,71.6721,67.3518,64.5773,62.0267,59.6744,57.4982,54.7119,51.8501,47.2417,40.0655,31.0431,22.7658,11.2227
99997,-0.00913045,-0.00302988,0.00318209,0.00822276,0.333439,0.0,5440.22,1,0.45,0.0,-0.12408408742994895,175,SHALLOW,62.0267,9,62.0267,0,0.26165666203703697,5.70304,12.6267,22.455,140.486,90.9268,77.357,71.6721,67.3518,64.5773,62.0267,59.6744,57.4982,54.7119,51.8501,47.2417,40.0655,31.0431,22.7658,11.2227
99996,-0.00913045,-0.00302988,0.00318209,0.00822276,0.333439,0.0,5510.0,1,0.45,0.0,-0.1450612890701528,175,SHALLOW,62.0267,9,62.0267,0,0.26165666203703697,5.70304,12.6267,22.455,140.486,90.9268,77.357,71.6721,67.3518,64.5773,62.0267,59.6744,57.4982,54.7119,51.8501,47.2417,40.0655,31.0431,22.7658,11.2227
99995,-0.00913045,-0.00302988,0.00318209,0.00822276,0.333439,0.0,5580.64,1,0.45,0.0,-0.16310168248072815,175,SHALLOW,62.0267,9,62.0267,0,0.26165666203703697,5.70304,12.6267,22.455,140.486,90.9268,77.357,71.6721,67.3518,64.5773,62.0267,59.6744,57.4982,54.7119,51.8501,47.2417,40.0655,31.0431,22.7658,11.2227
99994,-0.00913045,-0.00302988,0.00318209,0.00822276,0.333439,0.0,5652.14,1,0.45,0.0,-0.17861642081382295,175,SHALLOW,62.0267,9,62.0267,0,0.26165666203703697,5.70304,12.6267,22.455,140.486,90.9268,77.357,71.6721,67.3518,64.5773,62.0267,59.6744,57.4982,54.7119,51.8501,47.2417,40.0655,31.0431,22.7658,11.2227
99993,-0.00913045,-0.00302988,0.00318209,0.00822276,0.333439,0.0,5724.52,1,0.45,0.0,-0.19195909578028447,175,SHALLOW,62.0267,9,62.0267,0,0.26165666203703697,5.70304,12.6267,22.455,140.486,90.9268,77.357,71.6721,67.3518,64.5773,62.0267,59.6744,57.4982,54.7119,51.8501,47.2417,40.0655,31.0431,22.7658,11.2227
99992,-0.00913045,-0.00302988,0.00318209,0.00822276,0.333439,0.0,5797.79,1,0.45,0.0,-0.20343379625144137,175,SHALLOW,62.0267,9,62.0267,0,0.26165666203703697,5.70304,12.6267,22.455,140.486,90.9268,77.357,71.6721,67.3518,64.5773,62.0267,59.6744,57.4982,54.7119,51.8501,47.2417,40.0655,31.0431,22.7658,11.2227
99991,-0.00913045,-0.00302988,0.00318209,0.00822276,0.333439,0.0,5871.94,1,0.45,0.0,-0.2133020386566363,175,SHALLOW,62.0267,9,62.0267,0,0.26165666203703697,5.70304,12.6267,22.455,140.486,90.9268,77.357,71.6721,67.3518,64.5773,62.0267,59.6744,57.4982,54.7119,51.8501,47.2417,40.0655,31.0431,22.7658,11.2227
99990,-0.00913045,-0.00302988,0.00318209,0.00822276,0.333439,0.0,5946.99,1,0.45,0.0,-0.22178872712510395,175,SHALLOW,62.0267,9,62.0267,0,0.26165666203703697,5.70304,12.6267,22.455,140.486,90.9268,77.357,71.6721,67.3518,64.5773,62.0267,59.6744,57.4982,54.7119,51.8501,47.2417,40.0655,31.0431,22.7658,11.2227
99989,-0.00913045,-0.00302988,0.00318209,0.00822276,0.333439,0.0,6022.94,1,0.45,0.0,-0.22908727920798613,175,SHALLOW,62.0267,9,62.0267,0,0.26165666203703697,5.70304,12.6267,22.455,140.486,90.9268,77.357,71.6721,67.3518,64.5773,62.0267,59.6744,57.4982,54.7119,51.8501,47.2417,40.0655,31.0431,22.7658,11.2227
99988,-0.00913045,-0.00302988,0.00318209,0.00822276,0.333439,0.0,6099.79,1,0.45,0.0,-0.2353640339992648,175,SHALLOW,62.0267,9,62.0267,0,0.26165666203703697,5.70304,12.6267,22.455,140.486,90.9268,77.357,71.6721,67.3518,64.5773,62.0267,59.6744,57.4982,54.7119,51.8501,47.2417,40.0655,31.0431,22.7658,11.2227
99987,-0.00913045,-0.00302988,0.00318209,0.00822276,0.333439,0.0,6177.57,1,0.45,0.0,-0.24076204311976446,175,SHALLOW,62.0267,9,62.0267,0,0.26165666203703697,5.70304,12.6267,22.455,140.486,90.9268,77.357,71.6721,67.3518,64.5773,62.0267,59.6744,57.4982,54.7119,51.8501,47.2417,40.0655,31.0431,22.7658,11.2227
99986,-0.00913045,-0.00302988,0.00318209,0.00822276,0.333439,0.0,6256.26,1,0.45,0.0,-0.24540433096339417,175,SHALLOW,62.0267,9,62.0267,0,0.26165666203703697,5.70304,12.6267,22.455,140.486,90.9268,77.357,71.6721,67.3518,64.5773,62.0267,59.6744,57.4982,54.7119,51.8501,47.2417,40.0655,31.0431,22.7658,11.2227
99985,-0.00913045,-0.00302988,0.00318209,0.00822276,0.333439,0.0,6335.88,1,0.45,0.0,-0.24939669850891572,175,SHALLOW,62.0267,9,62.0267,0,0.26165666203703697,5.70304,12.6267,22.455,140.486,90.9268,77.357,71.6721,67.3518,64.5773,62.0267,59.6744,57.4982,54.7119,51.8501,47.2417,40.0655,31.0431,22.7658,11.2227
99984,-0.00913045,-0.00302988,0.00318209,0.00822276,0.333439,0.0,6416.44,1,0.45,0.0,-0.25283013459806425,175,SHALLOW,62.0267,9,62.0267,0,0.26165666203703697,5.70304,12.6267,22.455,140.486,90.9268,77.357,71.6721,67.3518,64.5773,62.0267,59.6744,57.4982,54.7119,51.8501,47.2417,40.0655,31.0431,22.7658,11.2227
99983,-0.00913045,-0.00302988,0.00318209,0.00822276,0.333439,0.0,6497.94,1,0.45,0.0,-0.25578288963473195,175,SHALLOW,62.0267,9,62.0267,0,0.26165666203703697,5.70304,12.6267,22.455,140.486,90.9268,77.357,71.6721,67.3518,64.5773,62.0267,59.6744,57.4982,54.7119,51.8501,47.2417,40.0655,31.0431,22.7658,11.2227
99982,-0.00913045,-0.00302988,0.00318209,0.00822276,0.333439,0.0,6580.38,1,0.45,0.0,-0.2583222589662662,175,SHALLOW,62.0267,9,62.0267,0,0.26165666203703697,5.70304,12.6267,22.455,140.486,90.9268,77.357,71.6721,67.3518,64.5773,62.0267,59.6744,57.4982,54.7119,51.8501,47.2417,40.0655,31.0431,22.7658,11.2227
99981,-0.00913045,-0.00302988,0.00318209,0.00822276,0.333439,0.0,6663.78,1,0.45,0.0,-0.2605061165913857,175,SHALLOW,62.0267,9,62.0267,0,0.26165666203703697,5.70304,12.6267,22.455,140.486,90.9268,77.357,71.6721,67.3518,64.5773,62.0267,59.6744,57.4982,54.7119,51.8501,47.2417,40.0655,31.0431,22.7658,11.2227
99980,-0.00913045,-0.00302988,0.00318209,0.00822276,0.333439,0.0,6748.14,1,0.45,0.0,-0.26238423414898837,175,SHALLOW,62.0267,9,62.0267,0,0.26165666203703697,5.70304,12.6267,22.455,140.486,90.9268,77.357,71.6721,67.3518,64.5773,62.0267,59.6744,57.4982,54.7119,51.8501,47.2417,40.0655,31.0431,22.7658,11.2227
99979,-0.00913045,-0.00302988,0.00318209,0.00822276,0.333439,0.0,6833.45,1,0.45,0.0,-0.2639994152485267,175,SHALLOW,62.0267,9,62.0267,0,0.26165666203703697,5.70304,12.6267,22.455,140.486,90.9268,77.357,71.6721,67.3518,64.5773,62.0267,59.6744,57.4982,54.7119,51.8501,47.2417,40.0655,31.0431,22.7658,11.2227
99978,-0.00913045,-0.00302988,0.00318209,0.00822276,0.333439,0.0,6919.74,1,0.45,0.0,-0.2653884709941297,175,SHALLOW,62.0267,9,62.0267,0,0.26165666203703697,5.70304,12.6267,22.455,140.486,90.9268,77.357,71.6721,67.3518,64.5773,62.0267,59.6744,57.4982,54.7119,51.8501,47.2417,40.0655,31.0431,22.7658,11.2227
99977,-0.00913045,-0.00302988,0.00318209,0.00822276,0.333439,0.0,7007.01,1,0.45,0.0,-0.2665830589353483,175,SHALLOW,62.0267,9,62.0267,0,0.26165666203703697,5.70304,12.6267,22.455,140.486,90.9268,77.357,71.6721,67.3518,64.5773,62.0267,59.6744,57.4982,54.7119,51.8501,47.2417,40.0655,31.0431,22.7658,11.2227
99976,-0.00913045,-0.00302988,0.00318209,0.00822276,0.333439,0.0,7095.25,1,0.45,0.0,-0.26761040456479623,175,SHALLOW,62.0267,9,62.0267,0,0.26165666203703697,5.70304,12.6267,22.455,140.486,90.9268,77.357,71.6721,67.3518,64.5773,62.0267,59.6744,57.4982,54.7119,51.8501,47.2417,40.0655,31.0431,22.7658,11.2227
99975,-0.00913045,-0.00302988,0.00318209,0.00822276,0.333439,0.0,7184.49,1,0.45,0.0,-0.26849392180612147,175,SHALLOW,62.0267,9,62.0267,0,0.26165666203703697,5.70304,12.6267,22.455,140.486,90.9268,77.357,71.6721,67.3518,64.5773,62.0267,59.6744,57.4982,54.7119,51.8501,47.2417,40.0655,31.0431,22.7658,11.2227
99974,-0.00913045,-0.00302988,0.00318209,0.00822276,0.333439,0.0,7274.71,1,0.45,0.0,-0.2692537466336612,175,SHALLOW,62.0267,9,62.0267,0,0.26165666203703697,5.70304,12.6267,22.455,140.486,90.9268,77.357,71.6721,67.3518,64.5773,62.0267,59.6744,57.4982,54.7119,51.8501,47.2417,40.0655,31.0431,22.7658,11.2227
99973,-0.00913045,-0.00302988,0.00318209,0.00822276,0.333439,0.0,7365.93,1,0.45,0.0,-0.26990719598534535,175,SHALLOW,62.0267,9,62.0267,0,0.26165666203703697,5.70304,12.6267,22.455,140.486,90.9268,77.357,71.6721,67.3518,64.5773,62.0267,59.6744,57.4982,54.7119,51.8501,47.2417,40.0655,31.0431,22.7658,11.2227
99972,-0.00913045,-0.00302988,0.00318209,0.00822276,0.333439,0.0,7458.15,1,0.45,0.0,-0.27046916242779373,175,SHALLOW,62.0267,9,62.0267,0,0.26165666203703697,5.70304,12.6267,22.455,140.486,90.9268,77.357,71.6721,67.3518,64.5773,62.0267,59.6744,57.4982,54.7119,51.8501,47.2417,40.0655,31.0431,22.7658,11.2227
99971,-0.00913045,-0.00302988,0.00318209,0.00822276,0.333439,0.0,7551.38,1,0.45,0.0,-0.27095245356829933,175,SHALLOW,62.0267,9,62.0267,0,0.26165666203703697,5.70304,12.6267,22.455,140.486,90.9268,77.357,71.6721,67.3518,64.5773,62.0267,59.6744,57.4982,54.7119,51.8501,47.2417,40.0655,31.0431,22.7658,11.2227
99970,-0.00913045,-0.00302988,0.00318209,0.00822276,0.333439,0.0,7645.62,1,0.45,0.0,-0.27136808394913414,175,SHALLOW,62.0267,9,62.0267,0,0.26165666203703697,5.70304,12.6267,22.455,140.486,90.9268,77.357,71.6721,67.3518,64.5773,62.0267,59.6744,57.4982,54.7119,51.8501,47.2417,40.0655,31.0431,22.7658,11.2227
99969,-0.00913045,-0.00302988,0.00318209,0.00822276,0.333439,0.0,7740.87,1,0.45,0.0,-0.27172552607665207,175,SHALLOW,62.0267,9,62.0267,0,0.26165666203703697,5.70304,12.6267,22.455,140.486,90.9268,77.357,71.6721,67.3518,64.5773,62.0267,59.6744,57.4982,54.7119,51.8501,47.2417,40.0655,31.0431,22.7658,11.2227
99968,-0.00913045,-0.00302988,0.00318209,0.00822276,0.333439,0.0,7837.14,1,0.45,0.0,-0.2720329263063175,175,SHALLOW,62.0267,9,62.0267,0,0.26165666203703697,5.70304,12.6267,22.455,140.486,90.9268,77.357,71.6721,67.3518,64.5773,62.0267,59.6744,57.4982,54.7119,51.8501,47.2417,40.0655,31.0431,22.7658,11.2227
99967,-0.00913045,-0.00302988,0.00318209,0.00822276,0.333439,0.0,7934.43,1,0.45,0.0,-0.2722972905038297,175,SHALLOW,62.0267,9,62.0267,0,0.26165666203703697,5.70304,12.6267,22.455,140.486,90.9268,77.357,71.6721,67.3518,64.5773,62.0267,59.6744,57.4982,54.7119,51.8501,47.2417,40.0655,31.0431,22.7658,11.2227
99966,-0.00913045,-0.00302988,0.00318209,0.00822276,0.333439,0.0,8032.76,1,0.45,0.0,-0.2725246437136903,175,SHALLOW,62.0267,9,62.0267,0,0.26165666203703697,5.70304,12.6267,22.455,140.486,90.9268,77.357,71.6721,67.3518,64.5773,62.0267,59.6744,57.4982,54.7119,51.8501,47.2417,40.0655,31.0431,22.7658,11.2227
99965,-0.00913045,-0.00302988,0.00318209,0.00822276,0.333439,0.0,8132.11,1,0.45,0.0,-0.2727201674741704,175,SHALLOW,62.0267,9,62.0267,0,0.26165666203703697,5.70304,12.6267,22.455,140.486,90.9268,77.357,71.6721,67.3518,64.5773,62.0267,59.6744,57.4982,54.7119,51.8501,47.2417,40.0655,31.0431,22.7658,11.2227
99964,-0.00913045,-0.00302988,0.00318209,0.00822276,0.333439,0.0,8232.5,1,0.45,0.0,-0.27288831790818324,175,SHALLOW,62.0267,9,62.0267,0,0.26165666203703697,5.70304,12.6267,22.455,140.486,90.9268,77.357,71.6721,67.3518,64.5773,62.0267,59.6744,57.4982,54.7119,51.8501,47.2417,40.0655,31.0431,22.7658,11.2227
99963,-0.00913045,-0.00302988,0.00318209,0.00822276,0.333439,0.0,8333.92,1,0.45,0.0,-0.2730329272814343,175,SHALLOW,62.0267,9,62.0267,0,0.26165666203703697,5.70304,12.6267,22.455,140.486,90.9268,77.357,71.6721,67.3518,64.5773,62.0267,59.6744,57.4982,54.7119,51.8501,47.2417,40.0655,31.0431,22.7658,11.2227
99962,-0.00913045,-0.00302988,0.00318209,0.00822276,0.333439,0.0,8436.39,1,0.45,0.0,-0.2731572913424302,175,SHALLOW,62.0267,9,62.0267,0,0.26165666203703697,5.70304,12.6267,22.455,140.486,90.9268,77.357,71.6721,67.3518,64.5773,62.0267,59.6744,57.4982,54.7119,51.8501,47.2417,40.0655,31.0431,22.7658,11.2227
99961,-0.00913045,-0.00302988,0.00318209,0.00822276,0.333439,0.0,8539.9,1,0.45,0.0,-0.2732642444348867,175,SHALLOW,62.0267,9,62.0267,0,0.26165666203703697,5.70304,12.6267,22.455,140.486,90.9268,77.357,71.6721,67.3518,64.5773,62.0267,59.6744,57.4982,54.7119,51.8501,47.2417,40.0655,31.0431,22.7658,11.2227
99960,-0.00913045,-0.00302988,0.00318209,0.00822276,0.333439,0.0,8644.46,1,0.45,0.0,-0.2733562240943993,175,SHALLOW,62.0267,9,62.0267,0,0.26165666203703697,5.70304,12.6267,22.455,140.486,90.9268,77.357,71.6721,67.3518,64.5773,62.0267,59.6744,57.4982,54.7119,51.8501,47.2417,40.0655,31.0431,22.7658,11.2227
99959,-0.00913045,-0.00302988,0.00318209,0.00822276,0.333439,0.0,8750.07,1,0.45,0.0,-0.2734353266015801,175,SHALLOW,62.0267,9,62.0267,0,0.26165666203703697,5.70304,12.6267,22.455,140.486,90.9268,77.357,71.6721,67.3518,64.5773,62.0267,59.6744,57.4982,54.7119,51.8501,47.2417,40.0655,31.0431,22.7658,11.2227
99958,-0.00913045,-0.00302988,0.00318209,0.00822276,0.333439,0.0,8856.73,1,0.45,0.0,-0.2735033547577556,175,SHALLOW,62.0267,9,62.0267,0,0.26165666203703697,5.70304,12.6267,22.455,140.486,90.9268,77.357,71.6721,67.3518,64.5773,62.0267,59.6744,57.4982,54.7119,51.8501,47.2417,40.0655,31.0431,22.7658,11.2227
99957,-0.00913045,-0.00302988,0.00318209,0.00822276,0.333439,0.0,8964.44,1,0.45,0.0,-0.27356185897206653,175,SHALLOW,62.0267,9,62.0267,0,0.26165666203703697,5.70304,12.6267,22.455,140.486,90.9268,77.357,71.6721,67.3518,64.5773,62.0267,59.6744,57.4982,54.7119,51.8501,47.2417,40.0655,31.0431,22.7658,11.2227
99956,-0.00913045,-0.00302988,0.00318209,0.00822276,0.333439,0.0,9073.21,1,0.45,0.0,-0.27361217259637394,175,SHALLOW,62.0267,9,62.0267,0,0.26165666203703697,5.70304,12.6267,22.455,140.486,90.9268,77.357,71.6721,67.3518,64.5773,62.0267,59.6744,57.4982,54.7119,51.8501,47.2417,40.0655,31.0431,22.7658,11.2227
99955,-0.00913045,-0.00302988,0.00318209,0.00822276,0.333439,0.0,9183.03,1,0.45,0.0,-0.2736554423132783,175,SHALLOW,62.0267,9,62.0267,0,0.26165666203703697,5.70304,12.6267,22.455,140.486,90.9268,77.357,71.6721,67.3518,64.5773,62.0267,59.6744,57.4982,54.7119,51.8501,47.2417,40.0655,31.0431,22.7658,11.2227
99954,-0.00913045,-0.00302988,0.00318209,0.00822276,0.333439,0.0,9293.92,1,0.45,0.0,-0.2736926542698161,175,SHALLOW,62.0267,9,62.0267,0,0.26165666203703697,5.70304,12.6267,22.455,140.486,90.9268,77.357,71.6721,67.3518,64.5773,62.0267,59.6744,57.4982,54.7119,51.8501,47.2417,40.0655,31.0431,22.7658,11.2227
99953,-0.00913045,-0.00302988,0.00318209,0.00822276,0.333439,0.0,9405.86,1,0.45,0.0,-0.27372465655243855,175,SHALLOW,62.0267,9,62.0267,0,0.26165666203703697,5.70304,12.6267,22.455,140.486,90.9268,77.357,71.6721,67.3518,64.5773,62.0267,59.6744,57.4982,54.7119,51.8501,47.2417,40.0655,31.0431,22.7658,11.2227
99952,-0.00913045,-0.00302988,0.00318209,0.00822276,0.333439,0.0,9518.43,1,0.45,0.0,-0.2737521785154939,175,SHALLOW,62.0267,9,62.0267,0,0.26165666203703697,5.70304,12.6267,22.455,140.486,90.9268,77.357,71.6721,67.3518,64.5773,62.0267,59.6744,57.4982,54.7119,51.8501,47.2417,40.0655,31.0431,22.7658,11.2227
99951,-0.0178903,0.0146964,0.00246686,0.00871437,0.33345,0.0,9742.55,1,0.45,0.0,-0.2735581553513159,175,SHALLOW,61.8895,9,61.8895,0,0.2621838657407407,5.7058,12.6459,22.5468,139.77,90.628,77.1416,71.4876,67.1893,64.4281,61.8895,59.5476,57.3809,54.6058,51.7549,47.1634,40.006,31.0009,22.7403,11.2174
99950,0.0465533,-0.00514448,0.00292463,0.00861138,0.333451,0.0,5249.36,1,0.45,0.0,-0.27343731725937215,175,SHALLOW,61.9177,9,61.9177,0,0.2620755046296296,5.7052,12.6418,22.5276,139.918,90.69,77.1862,71.5259,67.2227,64.4589,61.9177,59.5737,57.405,54.6277,51.7745,47.1794,40.0183,31.0097,22.7456,11.2185
99949,0.112992,-0.00343236,0.0029346,0.00859803,0.333447,0.0,5264.23,1,0.45,0.0,-0.2733388417120733,175,SHALLOW,61.9209,9,61.9209,0,0.2620632083333333,5.70516,12.6414,22.5257,139.937,90.6973,77.1915,71.5302,67.2266,64.4623,61.9209,59.5766,57.4077,54.6302,51.7767,47.1811,40.0195,31.0105,22.7462,11.2186
99948,0.213639,-0.0140844,0.00222603,0.00850266,0.333439,0.0,5235.99,1,0.45,0.0,-0.2732956448407798,175,SHALLOW,61.947,9,61.947,0,0.26196291666666666,5.70466,12.6378,22.5084,140.073,90.7542,77.2321,71.5652,67.2573,64.4906,61.947,59.6005,57.4299,54.65,51.7945,47.1958,40.0306,31.0184,22.7509,11.2196
99947,0.532424,-0.02019,0.00480468,0.00855988,0.333415,0.0,5235.99,1,0.45,0.0,-0.273229972363105,175,SHALLOW,61.9285,9,61.9285,0,0.2620340046296296,5.70521,12.6407,22.5219,139.984,90.716,77.204,71.5408,67.2358,64.4706,61.9285,59.5835,57.4139,54.6355,51.7813,47.1848,40.0221,31.0123,22.7473,11.2188
99946,0.905631,-0.0679712,0.0116972,0.00850647,0.333367,0.0,5235.99,1,0.45,0.0,-0.27319124733573413,175,SHALLOW,61.938,9,61.938,0,0.2619975,5.70531,12.6396,22.5168,140.05,90.7407,77.2212,71.5548,67.2478,64.4812,61.938,59.5921,57.4218,54.6425,51.7873,47.1894,40.0253,31.0145,22.7486,11.219
99945,1.26292,-0.000229857,0.0205359,0.00875681,0.333314,0.0,5235.99,1,0.45,0.0,-0.27303970583652504,175,SHALLOW,61.8608,9,61.8608,0,0.2622941481481481,5.70721,12.6508,22.571,139.669,90.5779,77.102,71.4524,67.157,64.3978,61.8608,59.5205,57.3551,54.5817,51.7327,47.1438,39.9901,30.9897,22.7336,11.2158
99944,1.7767,-0.0670908,0.0290683,0.00905484,0.33326,0.0,5235.99,1,0.45,0.0,-0.27276976389367413,175,SHALLOW,61.7679,9,61.7679,0,0.262651125,5.70941,12.6642,22.6367,139.218,90.3836,76.9601,71.3297,67.0486,64.2977,61.7679,59.4346,57.275,54.5094,51.6673,47.0891,39.9478,30.9599,22.7159,11.212
99943,2.02564,-0.0888526,0.0356827,0.00933092,0.333161,0.0,5235.99,1,0.45,0.0,-0.2724021092320937,175,SHALLOW,61.6787,9,61.6787,0,0.2629938842592593,5.71186,12.6776,22.7022,138.791,90.1982,76.8242,71.2119,66.9436,64.2008,61.6787,59.3513,57.1973,54.4386,51.6034,47.0355,39.9062,30.9306,22.6982,11.2082
99942,2.48359,-0.113075,0.0391767,0.00960892,0.333045,0.0,5235.99,1,0.45,0.0,-0.27194742401543176,175,SHALLOW,61.5863,9,61.5863,0,0.26334893981481483,5.71447,12.6915,22.7716,138.359,90.0088,76.6841,71.0911,66.8359,64.1013,61.5863,59.2653,57.117,54.3654,51.5371,46.9799,39.8626,30.8998,22.6798,11.2041
99941,2.82767,-0.118335,0.0395506,0.01004,0.332915,0.0,5235.99,1,0.45,0.0,-0.271347910893072,175,SHALLOW,61.4494,9,61.4494,0,0.2638749907407407,5.7181,12.712,22.874,137.709,89.7262,76.4763,70.9109,66.676,63.9536,61.4494,59.1382,56.9988,54.2576,51.4399,46.8982,39.7993,30.8551,22.6528,11.1983
99940,3.26125,-0.143081,0.0394993,0.0105497,0.332765,0.0,5235.99,1,0.45,0.0,-0.2705862900392595,175,SHALLOW,61.2891,9,61.2891,0,0.26449095833333336,5.72236,12.7363,22.9969,136.948,89.3939,76.2321,70.6997,66.4885,63.7806,61.2891,58.9891,56.8598,54.1312,51.3258,46.8026,39.7249,30.8026,22.6212,11.1914
99939,3.68918,-0.147568,0.0418521,0.0111715,0.332578,0.0,5235.99,1,0.45,0.0,-0.26963063898286005,175,SHALLOW,61.0938,9,61.0938,0,0.2652414166666667,5.7276,12.7661,23.15,136.03,88.9913,75.9359,70.4434,66.2604,63.57,61.0938,58.8075,56.6907,53.9774,51.1866,46.686,39.6339,30.7384,22.5827,11.1831
99938,4.03644,-0.162655,0.0459859,0.0118181,0.332392,0.0,5235.99,1,0.45,0.0,-0.2684971962329875,175,SHALLOW,60.8928,9,60.8928,0,0.26601377777777774,5.733,12.7973,23.3126,135.089,88.5774,75.6306,70.1792,66.0255,63.3531,60.8928,58.6208,56.5165,53.8185,51.0433,46.5658,39.5401,30.6722,22.543,11.1744
99937,4.40997,-0.181403,0.0516194,0.0125257,0.332182,0.0,5235.99,1,0.45,0.0,-0.26718064496244803,175,SHALLOW,60.6738,9,60.6738,0,0.26685530555555553,5.73895,12.8316,23.4955,134.073,88.128,75.2992,69.8918,65.7699,63.1167,60.6738,58.4174,56.3266,53.6457,50.887,46.4345,39.4375,30.6,22.4994,11.165
99936,4.83886,-0.205237,0.057851,0.0132672,0.331948,0.0,5235.99,1,0.45,0.0,-0.2656884893769367,175,SHALLOW,60.4446,9,60.4446,0,0.2677360277777777,5.74534,12.8682,23.6946,133.019,87.6594,74.9524,69.5916,65.5025,62.8695,60.4446,58.2039,56.1277,53.4642,50.7229,46.2968,39.3295,30.5237,22.4536,11.1549
99935,5.28784,-0.22356,0.064571,0.0140645,0.331687,0.0,5235.99,1,0.45,0.0,-0.2640170457122408,175,SHALLOW,60.1992,9,60.1992,0,0.268679,5.75229,12.9081,23.9161,131.903,87.1603,74.5825,69.2705,65.2165,62.6051,60.1992,57.9757,55.9146,53.2701,50.5471,46.1489,39.2134,30.4419,22.4044,11.1441
99934,5.68399,-0.232933,0.0713774,0.0149161,0.331405,0.0,5235.99,1,0.45,0.0,-0.26216457038189867,175,SHALLOW,59.9388,9,59.9388,0,0.2696796111111111,5.75977,12.9511,24.1617,130.73,86.632,74.1908,68.9303,64.9133,62.3246,59.9388,57.7333,55.6883,53.0638,50.3605,45.9919,39.0898,30.3549,22.3519,11.1325
99933,6.02906,-0.247597,0.0780007,0.0158207,0.3311,0.0,5235.99,1,0.45,0.0,-0.2601298912255458,175,SHALLOW,59.6639,9,59.6639,0,0.2707359398148148,5.76778,12.9974,24.4345,129.503,86.0768,73.7781,68.5716,64.5933,62.0285,59.6639,57.4773,55.4494,52.8456,50.1629,45.8256,38.9588,30.2625,22.2962,11.1202
99932,6.36242,-0.256234,0.0840184,0.0167691,0.330773,0.0,5235.99,1,0.45,0.0,-0.25791622601660297,175,SHALLOW,59.3774,9,59.3774,0,0.2718368425925926,5.77625,13.0465,24.7337,128.24,85.5006,73.3489,68.1984,64.2601,61.72,59.3774,57.2103,55.2001,52.618,49.9569,45.6519,38.8213,30.1656,22.2379,11.1073
99931,6.72826,-0.268643,0.0892183,0.0177733,0.330422,0.0,5235.99,1,0.45,0.0,-0.25552074243412404,175,SHALLOW,59.0766,9,59.0766,0,0.2729926944444444,5.78528,13.0991,25.0669,126.926,84.8977,72.8993,67.8068,63.9108,61.3962,59.0766,56.9301,54.9381,52.3789,49.74,45.469,38.6765,30.0637,22.1763,11.0936
99930,7.13625,-0.282623,0.0938673,0.0188372,0.330045,0.0,5235.99,1,0.45,0.0,-0.25293901471011687,175,SHALLOW,58.7606,9,58.7606,0,0.2742069537037037,5.79494,13.1556,25.4406,125.561,84.2673,72.4279,67.3962,63.5436,61.0563,58.7606,56.6354,54.6626,52.1273,49.5118,45.2765,38.5236,29.9559,22.1114,11.0791
99929,7.5733,-0.298619,0.0981297,0.0199544,0.329643,0.0,5235.99,1,0.45,0.0,-0.25017021474068835,175,SHALLOW,58.4316,9,58.4316,0,0.27547116666666666,5.80515,13.2158,25.8593,124.156,83.614,71.9384,66.9693,63.162,60.7024,58.4316,56.3285,54.3756,51.865,49.2739,45.0755,38.3636,29.8433,22.0434,11.0638
99928,7.99343,-0.312881,0.102465,0.0211164,0.329214,0.0,5235.99,1,0.45,0.0,-0.24721716624413603,175,SHALLOW,58.0919,9,58.0919,0,0.2767764953703703,5.8159,13.2794,26.3285,122.723,82.9427,71.4345,66.5296,62.7683,60.3374,58.0919,56.0118,54.0793,51.5939,49.0278,44.8676,38.1975,29.7264,21.9728,11.0479
99927,8.36159,-0.321102,0.107323,0.0224301,0.328712,0.0,5235.99,1,0.45,0.0,-0.2440288633606295,175,SHALLOW,57.7107,9,57.7107,0,0.27824129166666667,5.82825,13.3526,26.9106,121.138,82.1935,70.8706,66.0367,62.3271,59.9277,57.7107,55.6558,53.7463,51.2892,48.751,44.6332,38.0098,29.5944,21.8929,11.0299
99926,8.7222,-0.330061,0.111777,0.0236704,0.328226,0.0,5235.99,1,0.45,0.0,-0.24067296722824666,175,SHALLOW,57.354,9,57.354,0,0.2796119444444444,5.84005,13.4232,27.5205,119.674,81.4963,70.3443,65.5766,61.9145,59.5448,57.354,55.3227,53.4342,51.0035,48.4913,44.4133,37.8332,29.4701,21.8178,11.0128
99925,9.10972,-0.340614,0.116372,0.0249612,0.327712,0.0,5235.99,1,0.45,0.0,-0.23714690839287697,175,SHALLOW,56.9863,9,56.9863,0,0.2810248657407407,5.85245,13.4978,28.2348,118.183,80.7811,69.8036,65.103,61.4897,59.1502,56.9863,54.9791,53.1125,50.7088,48.2233,44.1861,37.6502,29.3415,21.7399,10.995
99924,9.51864,-0.351288,0.12123,0.0262935,0.327168,0.0,5235.99,1,0.45,0.0,-0.2334522358285513,175,SHALLOW,56.6103,9,56.6103,0,0.28246968055555555,5.8654,13.5762,29.0899,116.679,80.0539,69.2523,64.6198,61.0557,58.7468,56.6103,54.6278,52.7832,50.4068,47.9486,43.953,37.4619,29.209,21.6596,10.9766
99923,9.93339,-0.361649,0.12629,0.0276596,0.326595,0.0,5235.99,1,0.45,0.0,-0.22959383903350924,175,SHALLOW,56.228,9,56.228,0,0.28393870370370367,5.87887,13.6582,30.1576,115.171,79.3184,68.6932,64.1292,60.615,58.3369,56.228,54.2702,52.448,50.0994,47.6685,43.7151,37.2693,29.0735,21.5775,10.9577
99922,10.336,-0.372311,0.131466,0.029061,0.32599,0.0,5235.99,1,0.45,0.0,-0.22557487652547595,175,SHALLOW,55.8392,9,55.8392,0,0.28543270370370366,5.89288,13.7442,31.6181,113.658,78.5746,68.1266,63.6315,60.1673,57.9204,55.8392,53.9066,52.1068,49.7863,47.3832,43.4723,37.0722,28.9351,21.4935,10.9382
99921,10.7223,-0.379859,0.136557,0.0304906,0.325355,0.0,5235.99,1,0.45,0.0,-0.22140148062996362,175,SHALLOW,55.4461,9,55.4461,0,0.2869432268518518,5.90739,13.8339,34.4466,112.15,77.8271,67.5554,63.1293,59.7152,57.4993,55.4461,53.5384,51.7615,49.4691,47.0941,43.2261,36.8716,28.7941,21.4078,10.9182
99920,11.0975,-0.384372,0.141631,0.0319397,0.324689,0.0,5235.99,1,0.45,0.0,-0.21708267616132654,175,SHALLOW,55.0508,9,55.0508,0,0.2884622037037037,5.92235,13.927,200.0,110.654,77.0795,66.9828,62.6251,59.2609,57.0761,55.0508,53.1681,51.4137,49.1496,46.8025,42.9775,36.6687,28.6514,21.3211,10.8979
99919,11.469,-0.38927,0.146731,0.0334145,0.323992,0.0,5235.99,1,0.45,0.0,-0.21262346153009723,175,SHALLOW,54.6518,9,54.6518,0,0.2899953981481481,5.93781,14.0239,200.0,109.166,76.3295,66.407,62.1173,58.8032,56.6494,54.6518,52.7943,51.0623,48.8265,46.5076,42.7257,36.4625,28.5065,21.2329,10.8771
99918,11.8456,-0.394235,0.151782,0.0349156,0.323261,0.0,5235.99,1,0.45,0.0,-0.20802748998902937,175,SHALLOW,54.2493,9,54.2493,0,0.29154204166666664,5.95378,14.1249,200.0,107.686,75.5776,65.828,61.6063,58.3417,56.219,54.2493,52.4169,50.7078,48.5002,46.2093,42.4707,36.2532,28.3594,21.1433,10.8559
99917,12.2303,-0.397663,0.156692,0.0364339,0.322498,0.0,5235.99,1,0.45,0.0,-0.203302210603441,175,SHALLOW,53.8455,9,53.8455,0,0.29309368055555557,5.97023,14.2298,200.0,106.222,74.8275,65.2488,61.0947,57.8794,55.7876,53.8455,52.0379,50.3515,48.172,45.9093,42.2139,36.0418,28.2109,21.0528,10.8343
99916,12.6211,-0.400724,0.161634,0.0379664,0.3217,0.0,5235.99,1,0.45,0.0,-0.1984549884710277,175,SHALLOW,53.4408,9,53.4408,0,0.29464877777777776,5.98713,14.3386,200.0,104.776,74.0809,64.6708,60.5833,57.4172,55.3556,53.4408,51.6581,49.9942,47.8428,45.608,41.9548,35.8288,28.0611,20.9614,10.8124
99915,13.014,-0.403209,0.166508,0.039509,0.320869,0.0,5235.99,1,0.45,0.0,-0.19349423667455426,175,SHALLOW,53.0367,9,53.0367,0,0.2962015694444444,6.00447,14.451,200.0,103.352,73.339,64.0951,60.0733,56.9554,54.9241,53.0367,51.2785,49.6367,47.5132,45.3062,41.694,35.6144,27.9106,20.8694,10.7902
99914,13.406,-0.404887,0.171416,0.0410587,0.320004,0.0,5235.99,1,0.45,0.0,-0.18842840136672048,175,SHALLOW,52.6334,9,52.6334,0,0.297751287037037,6.02223,14.5674,200.0,101.952,72.6034,63.5226,59.5656,56.4954,54.494,52.6334,50.8994,49.2796,47.1835,45.0042,41.4319,35.3992,27.7594,20.7768,10.7677
99913,13.796,-0.405705,0.176322,0.0426132,0.319104,0.0,5235.99,1,0.45,0.0,-0.18326564519668168,175,SHALLOW,52.2314,9,52.2314,0,0.29929600925925925,6.04041,14.6876,200.0,100.576,71.8751,62.9543,59.061,56.0375,54.0656,52.2314,50.5215,48.9234,46.8547,44.7024,41.1691,35.1834,27.6078,20.684,10.745
99912,14.1846,-0.405744,0.181225,0.0441696,0.318168,0.0,5235.99,1,0.45,0.0,-0.17801415438084925,175,SHALLOW,51.8315,9,51.8315,0,0.300832662037037,6.05899,14.8115,200.0,99.2267,71.1548,62.3907,58.5599,55.5826,53.6394,51.8315,50.1452,48.5685,46.5267,44.4013,40.9059,34.9672,27.4559,20.5909,10.722
99911,14.5725,-0.405096,0.186124,0.045726,0.317196,0.0,5235.99,1,0.45,0.0,-0.17268181576963432,175,SHALLOW,51.4338,9,51.4338,0,0.30236086111111116,6.07796,14.9395,200.0,97.9045,70.4433,61.8321,58.0628,55.1308,53.2161,51.4338,49.7707,48.2153,46.1999,44.1012,40.6423,34.7511,27.304,20.4975,10.6989
99910,14.9605,-0.403819,0.191005,0.04728,0.316188,0.0,5235.99,1,0.45,0.0,-0.16727648157560804,175,SHALLOW,51.039,9,51.039,0,0.30387791666666664,6.09733,15.0716,200.0,96.6094,69.7409,61.2795,57.5702,54.6825,52.7958,51.039,49.3987,47.864,45.8748,43.8024,40.3788,34.5351,27.1522,20.4041,10.6756
99909,15.3487,-0.399975,0.195927,0.0488211,0.315144,0.0,5235.99,1,0.45,0.0,-0.16180958385690847,175,SHALLOW,50.6486,9,50.6486,0,0.3053780648148148,6.11701,15.2071,200.0,95.3477,69.0511,60.7353,57.0847,54.2403,52.381,50.6486,49.0308,47.5165,45.5529,43.5061,40.1168,34.3202,27.0011,20.311,10.6522
99908,15.7369,-0.39711,0.200855,0.0503537,0.314064,0.0,5235.99,1,0.45,0.0,-0.15628899339463545,175,SHALLOW,50.262,9,50.262,0,0.30686361111111105,6.13703,15.3465,200.0,94.1157,68.3723,60.1983,56.6048,53.803,51.9702,50.262,48.6661,47.1719,45.2335,43.2119,39.8557,34.1062,26.8506,20.2182,10.6287
99907,16.1253,-0.391909,0.205824,0.0518681,0.312948,0.0,5235.99,1,0.45,0.0,-0.15072580170878921,175,SHALLOW,49.8809,9,49.8809,0,0.30832802314814817,6.15734,15.4895,200.0,92.9182,67.707,59.6706,56.1326,53.3722,51.5654,49.8809,48.3063,46.8317,44.9178,42.9209,39.5964,33.8939,26.7012,20.1259,10.6052
99906,16.5137,-0.387743,0.210751,0.0533687,0.311794,0.0,5235.99,1,0.45,0.0,-0.1451273347176711,175,SHALLOW,49.5041,9,49.5041,0,0.309775912037037,6.17797,15.6364,200.0,91.7503,67.0536,59.1506,55.6669,52.9468,51.1656,49.5041,47.9505,46.495,44.6052,42.6325,39.3387,33.6827,26.5527,20.034,10.5815
99905,16.9022,-0.381231,0.215723,0.0548465,0.310604,0.0,5235.99,1,0.45,0.0,-0.13950415541558617,175,SHALLOW,49.1331,9,49.1331,0,0.31120151388888884,6.19886,15.787,200.0,90.6171,66.4146,58.6409,55.2099,52.5288,50.7725,49.1331,47.5999,46.1631,44.2966,42.3477,39.0835,33.4738,26.4055,19.9427,10.5579
99904,17.2906,-0.37578,0.220666,0.0563056,0.309376,0.0,5235.99,1,0.45,0.0,-0.13386326887889005,175,SHALLOW,48.7673,9,48.7673,0,0.31260713425925923,6.22004,15.9414,200.0,89.5143,65.7879,58.1399,54.7598,52.1169,50.3846,48.7673,47.254,45.8352,43.9917,42.0658,38.8304,33.2665,26.2595,19.8521,10.5343
99903,17.6792,-0.367974,0.225619,0.0577366,0.308111,0.0,5235.99,1,0.45,0.0,-0.12821501443135078,175,SHALLOW,48.4077,9,48.4077,0,0.3139889305555555,6.24143,16.0993,200.0,88.4465,65.1765,57.6497,54.3189,51.7128,50.0039,48.4077,46.9139,45.5128,43.6916,41.7882,38.5799,33.0617,26.1152,19.7623,10.5107
99902,18.1066,-0.35916,0.231077,0.0592748,0.306678,0.0,5235.99,1,0.45,0.0,-0.12249148363276792,175,SHALLOW,48.0202,9,48.0202,0,0.31547793518518513,6.26519,16.277,200.0,87.3112,64.5216,57.1226,53.8446,51.2778,49.5935,48.0202,46.5467,45.1646,43.3673,41.4879,38.3086,32.8396,25.9585,19.6646,10.4848
99901,18.4952,-0.350037,0.236019,0.06064,0.305336,0.0,5235.99,1,0.45,0.0,-0.11679177582672132,175,SHALLOW,47.6748,9,47.6748,0,0.31680516666666664,6.28698,16.4422,200.0,86.3144,63.9419,56.6551,53.423,50.8906,49.2282,47.6748,46.2194,44.8538,43.0775,41.2193,38.0654,32.6406,25.818,19.5769,10.4614
99900,18.8837,-0.341981,0.240984,0.0619766,0.303958,0.0,5235.99,1,0.45,0.0,-0.11112076492209869,175,SHALLOW,47.3352,9,47.3352,0,0.3181101111111111,6.30898,16.6113,199.147,85.3481,63.3757,56.1973,53.0094,50.5106,48.8695,47.3352,45.8975,44.5482,42.7922,40.9547,37.8252,32.4439,25.6792,19.49,10.438
99899,19.2723,-0.331551,0.245912,0.0632736,0.302542,0.0,5235.99,1,0.45,0.0,-0.10548729245279068,175,SHALLOW,47.0031,9,47.0031,0,0.3193862361111111,6.33112,16.7834,197.043,84.4163,62.8259,55.7512,52.6062,50.1394,48.5189,47.0031,45.5825,44.2487,42.5124,40.695,37.5889,32.2507,25.5426,19.4044,10.4147
99898,19.6609,-0.320008,0.250529,0.0645267,0.301092,0.0,5235.99,1,0.45,0.0,-0.09990138236345814,175,SHALLOW,46.6792,9,46.6792,0,0.3206308518518518,6.35333,16.9584,194.65,83.5202,62.2927,55.3177,52.2139,49.7779,48.1769,46.6792,45.2749,43.9561,42.239,40.4402,37.3572,32.061,25.4085,19.3201,10.3917
99897,20.0494,-0.309812,0.25205,0.0657427,0.299606,0.0,5235.99,1,0.45,0.0,-0.09436837293639286,175,SHALLOW,46.3617,9,46.3617,0,0.321850875,6.37566,17.1368,191.687,82.6539,61.7741,54.8946,51.8304,49.4243,47.8422,46.3617,44.9734,43.6691,41.9703,40.1895,37.1292,31.8745,25.2764,19.2369,10.3687
99896,20.4381,-0.297392,0.251243,0.0669119,0.298085,0.0,5235.99,1,0.45,0.0,-0.08889730374262018,175,SHALLOW,46.0523,9,46.0523,0,0.32303977314814813,6.39805,17.3181,187.929,81.8218,61.2722,54.484,51.4577,49.0801,47.5163,46.0523,44.6792,43.3888,41.7078,39.9438,36.9058,31.6917,25.1469,19.1551,10.346
99895,20.8267,-0.28623,0.250573,0.0680391,0.296529,0.0,5235.99,1,0.45,0.0,-0.08349380977078677,175,SHALLOW,45.7499,9,45.7499,0,0.32420177314814813,6.42051,17.5027,184.335,81.0198,60.7847,54.084,51.0942,48.7441,47.1977,45.7499,44.3915,43.1146,41.4508,39.7026,36.6864,31.5122,25.0195,19.0745,10.3234
99894,21.2153,-0.272781,0.251327,0.0691149,0.294939,0.0,5235.99,1,0.45,0.0,-0.07816705206923091,175,SHALLOW,45.4557,9,45.4557,0,0.32533226388888886,6.44297,17.6898,180.985,80.2517,60.314,53.6967,50.7417,48.4177,46.8882,45.4557,44.1115,42.8476,41.2001,39.4669,36.4722,31.3366,24.8949,18.9954,10.3011
99893,21.6039,-0.260509,0.253858,0.0701429,0.293315,0.0,5235.99,1,0.45,0.0,-0.07292330485769717,175,SHALLOW,45.1689,9,45.1689,0,0.3264343194444444,6.46546,17.8797,177.848,79.5137,59.8585,53.3206,50.3988,48.1001,46.5868,45.1689,43.8382,42.5867,40.9551,39.236,36.2623,31.1648,24.7727,18.9177,10.279
99892,21.9924,-0.248182,0.257937,0.0711247,0.291657,0.0,5235.99,1,0.45,0.0,-0.0677672509510208,175,SHALLOW,44.8893,9,44.8893,0,0.32750870833333334,6.48796,18.0728,174.907,78.8041,59.4171,52.9555,50.0654,47.7909,46.2928,44.8893,43.5714,42.3319,40.7156,39.0099,36.0567,30.9963,24.6528,18.8413,10.257
99891,22.3809,-0.235432,0.263176,0.0720569,0.289965,0.0,5235.99,1,0.45,0.0,-0.0627044327250184,175,SHALLOW,44.6168,9,44.6168,0,0.3285558148148148,6.51045,18.2685,172.156,78.1232,58.9905,52.6014,49.7415,47.49,46.0068,44.6168,43.3113,42.0834,40.4816,38.7888,35.8555,30.8316,24.5354,18.7662,10.2351
99890,22.7694,-0.22217,0.269036,0.0729372,0.288242,0.0,5235.99,1,0.45,0.0,-0.0577410195807257,175,SHALLOW,44.3517,9,44.3517,0,0.3295744861111111,6.53291,18.4669,169.585,77.4711,58.5785,52.2581,49.4275,47.198,45.7289,44.3517,43.0583,41.8411,40.2534,38.5727,35.6592,30.6705,24.4204,18.6925,10.2133
99889,23.1578,-0.208383,0.275187,0.0737635,0.286486,0.0,5235.99,1,0.45,0.0,-0.05288300103409885,175,SHALLOW,44.0942,9,44.0942,0,0.3305639537037037,6.5553,18.6677,167.189,76.8474,58.1815,51.9264,49.1232,46.9147,45.459,44.0942,42.8121,41.6055,40.0311,38.3621,35.4676,30.5133,24.3081,18.6203,10.1917
99888,23.5462,-0.194075,0.281237,0.0745332,0.284699,0.0,5235.99,1,0.45,0.0,-0.04813693871684582,175,SHALLOW,43.8444,9,43.8444,0,0.3315238333333333,6.57758,18.8706,164.964,76.2529,57.7998,51.6063,48.8292,46.6405,45.1976,43.8444,42.5731,41.3765,39.815,38.157,35.281,30.3601,24.1983,18.5495,10.1703
99887,23.9346,-0.179257,0.287009,0.0752441,0.282883,0.0,5235.99,1,0.45,0.0,-0.04350970802668494,175,SHALLOW,43.6026,9,43.6026,0,0.33245297222222225,6.59973,19.0751,162.903,75.6875,57.4331,51.2978,48.5452,46.3754,44.9446,43.6026,42.3415,41.1544,39.6049,37.9575,35.0996,30.2111,24.0914,18.4804,10.1491
99886,24.3228,-0.166346,0.292404,0.075905,0.281038,0.0,5235.99,1,0.45,0.0,-0.037418348902949046,175,SHALLOW,43.3671,9,43.3671,0,0.33335790277777777,6.62181,19.2823,160.978,75.1458,57.0791,50.9989,48.2699,46.1177,44.6985,43.3671,42.1158,40.9378,39.4,37.7625,34.9221,30.0654,23.9867,18.4125,10.128
99885,24.711,-0.146523,0.297401,0.0764839,0.279167,0.0,5235.99,1,0.45,0.0,-0.03217978005653618,175,SHALLOW,43.1426,9,43.1426,0,0.33422056481481477,6.64352,19.4886,159.25,74.6418,56.7457,50.7159,48.0085,45.8729,44.4642,43.1426,41.9004,40.7308,39.2037,37.5759,34.7523,29.9256,23.8861,18.3469,10.1074
99884,25.0992,-0.128814,0.302074,0.0769893,0.277272,0.0,5235.99,1,0.45,0.0,-0.027674610848621113,175,SHALLOW,42.9277,9,42.9277,0,0.3350463379629629,6.66491,19.6943,157.688,74.171,56.4301,50.4468,47.7593,45.639,44.2402,42.9277,41.6938,40.532,39.015,37.3963,34.5886,29.7909,23.7889,18.2834,10.087
99883,25.4872,-0.113978,0.306523,0.0774371,0.275354,0.0,5235.99,1,0.45,0.0,-0.023800165329814157,175,SHALLOW,42.7197,9,42.7197,0,0.3358455972222222,6.6861,19.9013,156.255,73.7244,56.1279,50.1881,47.5191,45.4131,44.0237,42.7197,41.4938,40.3393,38.8319,37.2219,34.4299,29.6599,23.6942,18.2213,10.0668
99882,25.8752,-0.0998602,0.310896,0.07783,0.273412,0.0,5235.99,1,0.45,0.0,-0.020468142183640174,175,SHALLOW,42.5183,9,42.5183,0,0.3366194953703703,6.70709,20.1099,154.941,73.3013,55.8383,49.9388,47.2872,45.1948,43.814,42.5183,41.3,40.1524,38.654,37.0522,34.2753,29.5325,23.6018,18.1604,10.0468
99881,26.2631,-0.0857335,0.315222,0.0781657,0.271446,0.0,5235.99,1,0.45,0.0,-0.01760260227793055,175,SHALLOW,42.3234,9,42.3234,0,0.33736841666666667,6.72789,20.32,153.744,72.9013,55.561,49.6995,47.0643,44.9843,43.6117,42.3234,41.1122,39.9712,38.4811,36.8875,34.125,29.4084,23.5118,18.101,10.027
99880,26.6509,-0.0763205,0.319502,0.0784656,0.269454,0.0,5235.99,1,0.45,0.0,-0.015138237959020272,175,SHALLOW,42.132,9,42.132,0,0.3381038888888888,6.74888,20.5339,152.62,72.515,55.291,49.4651,46.8456,44.7778,43.413,42.132,40.9276,39.793,38.311,36.7253,33.9772,29.2861,23.4229,18.042,10.007
99879,27.0386,-0.0659792,0.323838,0.0787255,0.267437,0.0,5235.99,1,0.45,0.0,-0.013018884644757433,175,SHALLOW,41.9447,9,41.9447,0,0.33882360648148147,6.77007,20.7513,151.573,72.1437,55.0287,49.2371,46.6322,44.576,43.2186,41.9447,40.7466,39.618,38.1439,36.5659,33.8318,29.166,23.3352,17.9838,9.98707
99878,27.4262,-0.0576123,0.328316,0.078952,0.265393,0.0,5235.99,1,0.45,0.0,-0.011196240794491392,175,SHALLOW,41.7601,9,41.7601,0,0.3395329490740741,6.79157,20.9737,150.59,71.7843,54.7727,49.0134,46.4229,44.3775,43.0274,41.7601,40.5683,39.4456,37.9788,36.4088,33.6884,29.0472,23.2484,17.9259,9.96704
99877,27.8138,-0.0498572,0.332932,0.079148,0.263324,0.0,5235.99,1,0.45,0.0,-0.009628767083262598,175,SHALLOW,41.5781,9,41.5781,0,0.3402323009259259,6.81337,21.2015,149.662,71.4352,54.5217,48.7938,46.2168,44.182,42.8389,41.5781,40.3922,39.2753,37.8157,36.2532,33.5464,28.9295,23.1624,17.8683,9.94686
99876,28.2012,-0.0447253,0.337557,0.0793249,0.261227,0.0,5235.99,1,0.45,0.0,-0.005845481844849023,175,SHALLOW,41.3968,9,41.3968,0,0.34092896296296293,6.83564,21.4367,148.767,71.0914,54.2733,48.5756,46.012,43.9877,42.6514,41.3968,40.2169,39.1054,37.6531,36.0981,33.4046,28.8121,23.0763,17.8105,9.92643
99875,28.5869,-0.0328783,0.332918,0.0794446,0.259107,0.0,5235.99,1,0.45,0.0,-0.002271394169086674,175,SHALLOW,41.2216,9,41.2216,0,0.34160218518518515,6.858,21.6739,147.974,70.7687,54.0363,48.3663,45.8151,43.8003,42.4702,41.2216,40.0472,38.9408,37.4952,35.9474,33.2671,28.6978,22.9922,17.754,9.90613
99874,28.9748,-0.0185084,0.325968,0.0795023,0.256967,0.0,5235.99,1,0.45,0.0,0.001097674304674875,175,SHALLOW,41.0532,9,41.0532,0,0.34224927777777775,6.88037,21.9117,147.29,70.4688,53.8119,48.1669,45.6267,43.6208,42.2964,41.0532,39.8838,38.782,37.3428,35.8018,33.1339,28.5871,22.9106,17.6987,9.88593
99873,29.3625,-0.00529795,0.322961,0.0795032,0.254812,0.0,5235.99,1,0.45,0.0,0.0042670042625664,175,SHALLOW,40.8907,9,40.8907,0,0.34287369907407406,6.90279,22.1507,146.707,70.1899,53.5989,47.9763,45.4462,43.4481,42.129,40.8907,39.7259,38.6287,37.1951,35.6608,33.0051,28.4797,22.8312,17.6447,9.86589
99872,29.7498,0.00755785,0.322583,0.0794493,0.25264,0.0,5235.99,1,0.45,0.0,0.007242280362341683,175,SHALLOW,40.7338,9,40.7338,0,0.3434766018518518,6.92529,22.3914,146.215,69.9302,53.3967,47.7939,45.2728,43.2821,41.9676,40.7338,39.5733,38.4801,37.0518,35.5239,32.8797,28.375,22.7536,17.5917,9.84592
99871,30.1369,0.0204187,0.324877,0.0793402,0.250454,0.0,5235.99,1,0.6,0.0,0.010027835156132711,175,SHALLOW,40.5825,9,40.5825,0,0.34405798611111105,6.94783,22.6336,145.819,69.6901,53.2047,47.6196,45.1066,43.1224,41.8123,40.5825,39.4259,38.3363,36.9128,35.3911,32.7581,28.2734,22.678,17.5398,9.82608
99870,30.6263,0.0328605,0.329706,0.0791704,0.248251,0.0,5235.99,1,0.6,0.0,0.012625321652649388,175,SHALLOW,40.4374,9,40.4374,0,0.34461554629629626,6.97043,22.8761,145.525,69.4713,53.0248,47.4543,44.9485,42.9698,41.6636,40.4374,39.2842,38.1979,36.7787,35.2629,32.6404,28.175,22.6045,17.4892,9.80634
99869,31.1508,0.0455022,0.337533,0.0789372,0.246028,0.0,5235.99,1,0.6,0.0,0.01503533622801244,175,SHALLOW,40.2981,9,40.2981,0,0.3451508194444444,6.9931,23.1196,145.337,69.2736,52.856,47.2979,44.7978,42.8241,41.5211,40.2981,39.148,38.0645,36.6491,35.1391,32.5268,28.0795,22.5329,17.4395,9.78665
99868,31.6744,0.0560994,0.346909,0.0786559,0.243784,0.0,5235.99,1,0.6,0.0,0.017265335963447766,175,SHALLOW,40.1627,9,40.1627,0,0.34567110648148147,7.01601,23.3663,145.228,69.0914,52.6949,47.1472,44.6523,42.6828,41.3829,40.1627,39.0151,37.9341,36.5225,35.0177,32.4153,27.9859,22.4625,17.3904,9.76689
99867,32.197,0.06597,0.356454,0.0783321,0.24152,0.0,5235.99,1,0.6,0.0,0.019324103498317313,175,SHALLOW,40.03,9,40.03,0,0.3461810185185185,7.03917,23.6177,145.187,68.9212,52.5405,47.0013,44.5109,42.5452,41.2478,40.03,38.885,37.8066,36.3978,34.8984,32.3055,27.8934,22.3927,17.3416,9.747
99866,32.7195,0.0755844,0.364782,0.077964,0.239238,0.0,5304.96,1,0.6,0.0,0.021218137761559175,175,SHALLOW,39.9006,9,39.9006,0,0.34667825,7.06258,23.8737,145.219,68.7643,52.3925,46.8604,44.3739,42.4112,41.116,39.9006,38.7579,37.6816,36.2758,34.7813,32.1977,27.8025,22.3239,17.2932,9.72704
99865,33.2493,0.0850889,0.371605,0.0775492,0.236937,0.0,5399.01,1,0.6,0.0,0.022952084310842513,175,SHALLOW,39.7747,9,39.7747,0,0.3471620324074074,7.08627,24.1337,145.329,68.622,52.2517,46.7249,44.241,42.2813,40.9881,39.7747,38.6338,37.5593,36.1562,34.6664,32.092,27.713,22.2561,17.2454,9.70694
99864,33.7884,0.094557,0.376778,0.0770847,0.234622,0.0,5496.01,1,0.6,0.0,0.024527971424240874,175,SHALLOW,39.6525,9,39.6525,0,0.3476315972222222,7.11015,24.3971,145.525,68.4949,52.1192,46.5953,44.1137,42.1562,40.8646,39.6525,38.5133,37.4405,36.0396,34.5541,31.9885,27.6254,22.1892,17.198,9.68676
99863,34.3376,0.104038,0.380933,0.0765678,0.232291,0.0,5595.19,1,0.6,0.0,0.025946592209527705,175,SHALLOW,39.5347,9,39.5347,0,0.3480842546296296,7.13425,24.6635,145.813,68.3846,51.9952,46.472,43.992,42.0358,40.7454,39.5347,38.3967,37.3252,35.9262,34.4447,31.8876,27.5395,22.1236,17.1511,9.66652
99862,34.8974,0.111095,0.385344,0.0760104,0.229945,0.0,5695.71,1,0.6,0.0,0.027213805782091996,175,SHALLOW,39.4193,9,39.4193,0,0.34852768981481486,7.15865,24.9366,146.173,68.2855,51.8764,46.3529,43.8735,41.9184,40.6288,39.4193,38.2822,37.2118,35.8144,34.3367,31.7876,27.4547,22.0584,17.1045,9.64608
99861,35.4676,0.117119,0.390235,0.0754191,0.227584,0.0,5798.33,1,0.6,0.0,0.028337592164516614,175,SHALLOW,39.305,9,39.305,0,0.34896689814814813,7.1835,25.2174,146.594,68.1956,51.7619,46.2365,43.7574,41.8028,40.5139,39.305,38.1689,37.0996,35.7037,34.2293,31.6883,27.3701,21.9933,17.0577,9.6254
99860,36.0498,0.119983,0.321856,0.0748212,0.225207,0.0,5908.33,1,0.6,0.0,0.02933710598007279,175,SHALLOW,39.1888,9,39.1888,0,0.34941340740740734,7.20898,25.5146,147.027,68.1032,51.6447,46.1177,43.6389,41.6851,40.3968,39.1888,38.0537,36.9851,35.5907,34.1197,31.587,27.2838,21.9268,17.0099,9.60424
99859,36.6419,0.124076,0.24801,0.0742232,0.222809,0.0,6017.52,1,0.6,0.0,0.03023234682473802,175,SHALLOW,39.0691,9,39.0691,0,0.3498733657407408,7.23528,25.8317,147.453,68.0049,51.523,45.9948,43.5166,41.5636,40.2763,39.0691,37.9349,36.8676,35.4747,34.0071,31.4829,27.1951,21.8587,16.9608,9.58247
99858,37.2456,0.130555,0.216822,0.0735676,0.220399,0.0,6129.07,1,0.6,0.0,0.03101375640521519,175,SHALLOW,38.954,9,38.954,0,0.3503156481481481,7.26183,26.1538,147.992,67.925,51.411,45.879,43.4004,41.4476,40.1606,38.954,37.8205,36.7538,35.3622,33.8974,31.3815,27.1084,21.7916,16.9123,9.56062
99857,37.8612,0.136731,0.207891,0.0728556,0.217976,0.0,6242.24,1,0.6,0.0,0.03167377534987756,175,SHALLOW,38.843,9,38.843,0,0.3507421759259259,7.28863,26.4819,148.647,67.8642,51.3078,45.7701,43.29,41.3367,40.0496,38.843,37.71,36.6438,35.2528,33.7903,31.2822,27.0234,21.7256,16.8642,9.53862
99856,38.489,0.142529,0.215907,0.0720922,0.215543,0.0,6356.22,1,0.6,0.0,0.032207752768329406,175,SHALLOW,38.7357,9,38.7357,0,0.35115448611111105,7.31576,26.8183,149.408,67.8189,51.2125,45.6666,43.1843,41.23,39.9424,38.7357,37.6026,36.5365,35.146,33.6853,31.1848,26.9397,21.6602,16.8164,9.51643
99855,39.1291,0.145481,0.234858,0.0712964,0.213099,0.0,6471.71,1,0.6,0.0,0.032620281937802906,175,SHALLOW,38.6293,9,38.6293,0,0.35156333796296296,7.34343,27.1702,150.244,67.7821,51.1205,45.5654,43.0805,41.1246,39.8364,38.6293,37.4959,36.4299,35.0397,33.5805,31.0874,26.8559,21.5948,16.7683,9.4939
99854,39.7808,0.149496,0.258905,0.0704657,0.210644,0.0,6590.22,1,0.6,0.0,0.032914198992116096,175,SHALLOW,38.524,9,38.524,0,0.35196796296296295,7.3716,27.5377,151.16,67.7545,51.0325,45.4666,42.9785,41.0208,39.7317,38.524,37.3903,36.3242,34.9339,33.4757,30.99,26.772,21.529,16.7199,9.471
99853,40.444,0.151201,0.283324,0.0696089,0.20818,0.0,6713.28,1,0.6,0.0,0.03309561258415025,175,SHALLOW,38.4188,9,38.4188,0,0.35237220370370365,7.40037,27.9256,152.145,67.7331,50.9461,45.3685,42.877,40.9171,39.6271,38.4188,37.2847,36.2181,34.828,33.3704,30.8919,26.6874,21.4626,16.6709,9.44768
99852,41.1865,0.151748,0.306876,0.0701466,0.204732,0.0,6855.43,1,0.48,0.0,0.03392569358942107,175,SHALLOW,38.2962,9,38.2962,0,0.35284330555555554,7.43877,28.4087,153.274,67.7029,50.8436,45.2537,42.7584,40.7964,39.5053,38.2962,37.1616,36.095,34.7049,33.2477,30.7771,26.5869,21.3818,16.6097,9.41672
99851,41.8516,0.157286,0.325317,0.0708278,0.201907,0.0,6777.61,1,0.6,0.0,0.03529907902620972,175,SHALLOW,38.1771,9,38.1771,0,0.3533009583333333,7.47215,28.9066,154.476,67.6828,50.747,45.1434,42.6438,40.6794,39.3871,38.1771,37.0419,35.975,34.5849,33.128,30.6653,26.4904,21.306,16.5536,9.38984
99850,42.5368,0.162366,0.334792,0.0715104,0.19901,0.0,7097.43,1,0.48,0.0,0.03714940216148064,175,SHALLOW,38.0575,9,38.0575,0,0.35376053240740735,7.50629,29.4465,155.758,67.6678,50.6512,45.0332,42.5293,40.5621,39.2684,38.0575,36.9218,35.8544,34.4641,33.0073,30.5523,26.3928,21.2292,16.4967,9.36246
99849,43.2196,0.169443,0.339521,0.0721402,0.196037,0.0,7028.4,1,0.6,0.0,0.0393959382506596,175,SHALLOW,37.9446,9,37.9446,0,0.3541943611111111,7.54071,30.0125,157.259,67.6823,50.5698,44.9338,42.4238,40.4529,39.1571,37.9446,36.8078,35.7394,34.3483,32.8912,30.4427,26.2979,21.1539,16.4405,9.33492
99848,43.9243,0.17666,0.339878,0.0727272,0.193003,0.0,7375.72,1,0.48,0.0,0.04197183035181935,175,SHALLOW,37.8376,9,37.8376,0,0.35460551851851846,7.57541,30.6114,158.971,67.7229,50.5011,44.8434,42.3262,40.3506,39.0521,37.8376,36.6989,35.6295,34.237,32.7789,30.336,26.205,21.0798,16.3848,9.30724
99847,44.366,0.149184,0.0905326,0.0729232,0.189893,0.0,7941.86,1,0.48,0.0,0.044666301791585566,175,SHALLOW,37.783,9,37.783,0,0.35481532407407407,7.60716,31.0138,161.791,67.9452,50.53,44.8288,42.2954,40.3086,39.0034,37.783,36.6393,35.5654,34.1677,32.705,30.2625,26.1384,21.0239,16.3401,9.28191
99846,45.163,0.158337,0.0428671,0.073268,0.186714,0.0,7783.84,2,0.48,0.0,0.04753775577804315,175,SHALLOW,37.7085,9,37.7085,0,0.35510159722222223,7.64104,31.4717,164.412,68.1108,50.5247,44.7869,42.2401,40.2441,38.9336,37.7085,36.5608,35.4835,34.082,32.6156,30.1746,26.0603,20.9596,16.2901,9.25495
99845,45.4875,0.192702,0.0367843,0.0735209,0.183495,0.0,5741.3,2,0.6,0.0,0.05052550100469891,175,SHALLOW,37.6472,9,37.6472,0,0.35533714814814815,7.67446,31.857,167.478,68.3304,50.5464,44.7651,42.2023,40.1952,38.878,37.6472,36.4947,35.4132,34.0066,32.5359,30.0941,25.9879,20.8992,16.2424,9.22836
99844,45.4618,0.231283,0.0624214,0.0737313,0.180303,0.0,5757.66,2,0.6,0.0,0.05359091525969716,175,SHALLOW,37.5937,9,37.5937,0,0.35554272685185184,7.70721,32.192,170.847,68.5797,50.5827,44.7545,42.1742,40.1552,38.8307,37.5937,36.4357,35.3496,33.9375,32.4617,30.0177,25.919,20.8414,16.1962,9.20233
99843,45.4757,0.259001,0.0934796,0.0738202,0.177137,0.0,5256.53,2,0.6,0.0,0.05666570436743009,175,SHALLOW,37.5588,9,37.5588,0,0.35567683333333333,7.73851,32.4404,174.793,68.8963,50.6538,44.7706,42.17,40.1364,38.8034,37.5588,36.3943,35.3022,33.8835,32.4011,29.9525,25.8589,20.7896,16.154,9.17737
99842,45.8433,0.278656,0.121956,0.0738557,0.173978,0.0,5455.77,2,0.6,0.0,0.05972387700142374,175,SHALLOW,37.5331,9,37.5331,0,0.355775587962963,7.76933,32.6431,179.19,69.2525,50.7436,44.8007,42.1777,40.1286,38.7858,37.5331,36.3613,35.2631,33.8367,32.3472,29.8918,25.8026,20.7405,16.1135,9.15289
99841,46.2857,0.297056,0.149133,0.0738467,0.170807,0.0,5506.11,2,0.6,0.0,0.06274944076209236,175,SHALLOW,37.5155,9,37.5155,0,0.3558432175925926,7.79977,32.8069,183.355,69.6481,50.8509,44.8434,42.1964,40.1302,38.7774,37.5155,36.3359,35.2309,33.7962,32.299,29.835,25.7492,20.6934,16.0741,9.12861
99840,46.7312,0.3141,0.169258,0.0737701,0.167623,0.0,5558.97,2,0.6,0.0,0.06571847404407304,175,SHALLOW,37.5095,9,37.5095,0,0.3558662731481481,7.8297,32.9235,186.139,70.0966,50.9825,44.9041,42.2307,40.1454,38.7813,37.5095,36.3212,35.2085,33.7646,32.2587,29.7836,25.7003,20.6493,16.0365,9.10473
99839,47.1805,0.330843,0.189725,0.0736168,0.164421,0.0,5612.8,2,0.6,0.0,0.06860697899880364,175,SHALLOW,37.5167,9,37.5167,0,0.35583860648148147,7.85904,32.9939,188.398,70.6058,51.1416,44.985,42.2821,40.1761,38.7993,37.5167,36.3186,35.1974,33.7431,32.2274,29.7387,25.6562,20.6086,16.001,9.08127
99838,47.6331,0.349988,0.241816,0.0733493,0.161219,0.0,5667.42,2,0.6,0.0,0.07137533820749614,175,SHALLOW,37.5429,9,37.5429,0,0.3557379305555556,7.88723,33.0025,190.428,71.2006,51.3405,45.0955,42.359,40.2295,38.8384,37.5429,36.3338,35.2028,33.7367,32.2098,29.7047,25.62,20.5731,15.9688,9.05862
99837,48.09,0.363281,0.284897,0.0729991,0.15801,0.0,5723.18,2,0.6,0.0,0.0740044001559735,175,SHALLOW,37.5844,9,37.5844,0,0.3555784629629629,7.91468,32.9678,192.285,71.8694,51.5719,45.2294,42.4563,40.3006,38.8938,37.5844,36.363,35.2212,33.7421,32.2026,29.6793,25.5894,20.5415,15.9388,9.03649
99836,48.5506,0.376817,0.315612,0.0725734,0.154803,0.0,5780.52,2,0.6,0.0,0.0764797691056962,175,SHALLOW,37.6407,9,37.6407,0,0.3553621249999999,7.94131,32.8963,194.016,72.6148,51.8362,45.3871,42.5736,40.3896,38.9653,37.6407,36.4059,35.2522,33.7589,32.2055,29.6622,25.5639,20.5136,15.9112,9.01496
99835,49.0152,0.386931,0.331387,0.0720798,0.151594,0.0,5839.28,2,0.6,0.0,0.0787929555387093,175,SHALLOW,37.7113,9,37.7113,0,0.355090837962963,7.96731,32.7945,195.65,73.438,52.1326,45.5674,42.7105,40.4954,39.0523,37.7113,36.462,35.2954,33.7863,32.218,29.653,25.5431,20.4887,15.8853,8.99384
99834,49.4839,0.398021,0.332219,0.0715089,0.148389,0.0,5899.58,2,0.6,0.0,0.08093171351146929,175,SHALLOW,37.7981,9,37.7981,0,0.3547573009259259,7.99239,32.6606,197.216,74.3507,52.4661,45.7741,42.8696,40.6208,39.1572,37.7981,36.533,35.3523,33.8262,32.2415,29.6525,25.5277,20.4674,15.8618,8.97329
99833,49.9573,0.40682,0.322647,0.0708611,0.145187,0.0,5960.08,2,0.6,0.0,0.08288581576606507,175,SHALLOW,37.9019,9,37.9019,0,0.35435843981481485,8.01669,32.498,198.728,75.3617,52.8386,46.0083,43.052,40.7666,39.2807,37.9019,36.6196,35.4237,33.879,32.2764,29.6616,25.5177,20.45,15.8405,8.95335
99832,50.4355,0.415104,0.308749,0.0701409,0.141998,0.0,6020.64,2,0.6,0.0,0.08464721221297607,175,SHALLOW,38.0231,9,38.0231,0,0.3538927175925926,8.04008,32.3114,200.0,76.4774,53.2521,46.2709,43.2585,40.933,39.423,38.0231,36.7219,35.5094,33.9447,32.3229,29.6798,25.5129,20.4361,15.8215,8.93398
99831,50.9184,0.423625,0.295738,0.0693441,0.138819,0.0,6081.23,2,0.6,0.0,0.08620748611308379,175,SHALLOW,38.1629,9,38.1629,0,0.3533555231481481,8.06257,32.1009,200.0,77.711,53.71,46.5648,43.4909,41.1222,39.5857,38.1629,36.8414,35.611,34.0246,32.3818,29.7082,25.5137,20.426,15.8048,8.91523
99830,51.4059,0.430024,0.287669,0.0684822,0.135656,0.0,6142.16,2,0.6,0.0,0.08756376785991389,175,SHALLOW,38.3206,9,38.3206,0,0.3527495462962963,8.08425,31.8731,200.0,79.0661,54.2124,46.8887,43.7484,41.333,39.7683,38.3206,36.9772,35.7274,34.1176,32.4524,29.7457,25.5193,20.4193,15.7901,8.89701
99829,51.9088,0.440119,0.30856,0.0675652,0.13251,0.0,6181.8,2,0.6,0.0,0.08871791993030503,175,SHALLOW,38.4956,9,38.4956,0,0.35207709259259257,8.1051,31.6324,200.0,80.5497,54.7595,47.2424,44.031,41.5653,39.97,38.4956,37.1288,35.8583,34.2233,32.5339,29.7923,25.5291,20.4154,15.7774,8.87935
99828,52.4067,0.455899,0.384843,0.0666558,0.129397,0.0,6235.54,2,0.6,0.0,0.08969746929614765,175,SHALLOW,38.6789,9,38.6789,0,0.35137274537037033,8.12571,31.3993,200.0,82.1284,55.3336,47.6132,44.3266,41.8083,40.1812,38.6789,37.2878,35.9959,34.3346,32.6203,29.8423,25.5392,20.4117,15.7648,8.86187
99827,52.9023,0.467309,0.457839,0.0657098,0.126312,0.0,6302.02,2,0.6,0.0,0.09050702213751048,175,SHALLOW,38.8784,9,38.8784,0,0.35060614814814817,8.14563,31.1598,200.0,83.8458,55.952,48.0122,44.6457,42.071,40.4101,38.8784,37.4611,36.1463,34.4575,32.7166,29.9001,25.5523,20.4104,15.7536,8.84484
99826,53.3994,0.472341,0.505539,0.0646893,0.123255,0.0,6377.13,2,0.6,0.0,0.09113365024669175,175,SHALLOW,39.1013,9,39.1013,0,0.3497496342592592,8.16451,30.9041,200.0,85.7497,56.6319,48.4522,44.9984,42.3627,40.6651,39.1013,37.6558,36.3163,34.5977,32.828,29.9699,25.5713,20.4129,15.7449,8.82854
99825,53.9041,0.468966,0.525337,0.0635961,0.120221,0.0,6451.23,2,0.6,0.0,0.09156766750598105,175,SHALLOW,39.3485,9,39.3485,0,0.34879974537037034,8.18241,30.6348,200.0,87.8623,57.3773,48.9356,45.3865,42.6846,40.9471,39.3485,37.8728,36.5063,34.7553,32.9549,30.052,25.5967,20.4192,15.7386,8.81293
99824,54.4171,0.464718,0.528778,0.0624364,0.11721,0.0,6521.75,2,0.6,0.0,0.09180350678395958,175,SHALLOW,39.6205,9,39.6205,0,0.34775456018518514,8.19933,30.3549,200.0,90.206,58.1929,49.4638,45.8113,43.0374,41.2568,39.6205,38.112,36.7168,34.931,33.0973,30.1464,25.63,20.4295,15.7346,8.79796
99823,54.9379,0.458246,0.524915,0.0612316,0.11423,0.0,6589.16,2,0.6,0.0,0.0918449089117972,175,SHALLOW,39.9156,9,39.9156,0,0.3466206111111111,8.21553,30.0713,200.0,92.7914,59.076,50.0344,46.2702,43.4189,41.5919,39.9156,38.3717,36.9457,35.1227,33.2536,30.2513,25.6703,20.4425,15.7324,8.78354
99822,55.4651,0.452621,0.522541,0.0600062,0.111277,0.0,6654.95,2,0.6,0.0,0.09170651303339608,175,SHALLOW,40.2299,9,40.2299,0,0.3454128842592592,8.23119,29.7902,200.0,95.6263,60.0226,50.6436,46.7596,43.8254,41.9492,40.2299,38.6488,37.19,35.3278,33.4213,30.3649,25.716,20.457,15.7312,8.76943
99821,55.9969,0.453436,0.562579,0.058719,0.108358,0.0,6719.63,2,0.6,0.0,0.09138166669827705,175,SHALLOW,40.5733,9,40.5733,0,0.34409333796296293,8.24585,29.5016,200.0,98.7937,61.0569,51.3074,47.2926,44.2687,42.339,40.5733,38.952,37.4579,35.5532,33.6065,30.4922,25.7705,20.4752,15.7323,8.75608
99820,56.5344,0.447884,0.600811,0.0574149,0.105481,0.0,6784.71,2,0.6,0.0,0.09088364975847348,175,SHALLOW,40.9391,9,40.9391,0,0.3426877175925926,8.25993,29.2167,200.0,102.292,62.1679,52.0163,47.8611,44.7411,42.7541,40.9391,39.2747,37.7433,35.7938,33.8045,30.6291,25.8311,20.495,15.7344,8.74311
99819,57.0765,0.442741,0.630472,0.0561301,0.102641,0.0,6850.95,2,0.6,0.0,0.0902406448317659,175,SHALLOW,41.3211,9,41.3211,0,0.3412198472222222,8.27386,28.9431,200.0,106.121,63.3452,52.762,48.4572,45.2352,43.1879,41.3211,39.6117,38.0409,36.0446,34.011,30.7721,25.895,20.5146,15.7365,8.7303
99818,57.6233,0.434863,0.651898,0.0548782,0.0998357,0.0,6918.5,2,0.6,0.0,0.08948323938967849,175,SHALLOW,41.7177,9,41.7177,0,0.3396958749999999,8.28772,28.6824,200.0,110.311,64.5874,53.5422,49.0793,45.7497,43.6391,41.7177,39.9613,38.3495,36.3044,34.2245,30.9199,25.9614,20.5332,15.7381,8.71752
99817,58.1746,0.425506,0.663659,0.0536719,0.0970612,0.0,6987.79,2,0.6,0.0,0.08864388960749842,175,SHALLOW,42.1266,9,42.1266,0,0.3381246388888889,8.30173,28.4367,200.0,114.892,65.8933,54.3546,49.7242,46.2821,44.105,42.1266,40.3211,38.6668,36.571,34.4435,31.0711,26.0293,20.5502,15.7387,8.70461
99816,58.7303,0.417836,0.666691,0.0524908,0.0943197,0.0,7058.91,2,0.6,0.0,0.0877411396656232,175,SHALLOW,42.5533,9,42.5533,0,0.33648500462962955,8.31565,28.1998,200.0,119.961,67.2796,55.2095,50.4008,46.8386,44.5916,42.5533,40.6963,38.9973,36.8484,34.6714,31.2285,26.1005,20.5665,15.739,8.69178
99815,59.2908,0.407971,0.663638,0.0513298,0.0916112,0.0,7131.4,2,0.6,0.0,0.0867886648266074,175,SHALLOW,43.0,9,43.0,0,0.3347685185185185,8.32944,27.9709,168.841,125.606,68.7566,56.112,51.1125,47.423,45.1014,43.0,41.0884,39.3427,37.1382,34.909,31.3929,26.1755,20.5824,15.7392,8.67906
99814,59.8565,0.397313,0.65793,0.0501913,0.0889308,0.0,7204.76,2,0.6,0.0,0.08579991273746546,175,SHALLOW,43.4671,9,43.4671,0,0.3329736435185185,8.34315,27.749,149.719,131.927,70.3317,57.0644,51.8609,48.0358,45.6357,43.4671,41.4985,39.7033,37.4404,35.157,31.5644,26.2545,20.5978,15.739,8.66635
99813,60.4456,0.392905,0.693591,0.0491058,0.0862808,0.0,7243.72,2,0.6,0.0,0.08479975040676987,175,SHALLOW,43.9493,9,43.9493,0,0.3311207453703704,8.3571,27.5391,135.019,138.978,71.9948,58.0585,52.6385,48.6706,46.1878,43.9493,41.9208,40.0741,37.7508,35.4112,31.7397,26.335,20.611,15.7377,8.65351
99812,61.0214,0.396226,0.758593,0.0481194,0.0836665,0.0,7311.78,2,0.6,0.0,0.08382943938194731,175,SHALLOW,44.4351,9,44.4351,0,0.32925401388888886,8.3717,27.3483,123.531,146.761,73.7212,59.0762,53.43,49.3139,46.7458,44.4351,42.3453,40.446,38.061,35.6642,31.9131,26.4131,20.6198,15.7337,8.64016
99811,61.5957,0.394781,0.816151,0.0471656,0.0810852,0.0,7393.53,2,0.6,0.0,0.08289517014338096,175,SHALLOW,44.9419,9,44.9419,0,0.32730658796296297,8.38627,27.1631,114.119,155.605,75.5633,60.1496,54.2613,49.9873,47.3288,44.9419,42.7875,40.8331,38.3836,35.927,32.093,26.4946,20.6278,15.7292,8.62688
99810,62.1723,0.384833,0.849741,0.0461952,0.0785268,0.0,7484.46,2,0.6,0.0,0.08198161391924005,175,SHALLOW,45.484,9,45.484,0,0.32522351851851844,8.40043,26.9756,106.136,165.915,77.5705,61.306,55.1534,50.7087,47.9525,45.484,43.2602,41.2469,38.7282,36.2082,32.2863,26.584,20.6392,15.7255,8.61385
99809,62.7584,0.368173,0.864297,0.0451945,0.0759964,0.0,7572.41,2,0.6,0.0,0.0810688401821331,175,SHALLOW,46.0675,9,46.0675,0,0.32298136574074077,8.41401,26.7839,99.247,175.088,79.7747,62.5613,56.1183,51.4869,48.6247,46.0675,43.7689,41.6919,39.0994,36.5112,32.4956,26.683,20.6557,15.7231,8.60126
99808,63.3545,0.348767,0.86873,0.044181,0.0734787,0.0,7655.32,2,0.6,0.0,0.08014943507071495,175,SHALLOW,46.691,9,46.691,0,0.3205855092592592,8.42731,26.591,93.2695,179.531,82.188,63.9165,57.1552,52.3209,49.3439,46.691,44.3121,42.1667,39.4951,36.8343,32.7191,26.7901,20.6764,15.7213,8.58887
99807,63.9586,0.331764,0.881367,0.0431695,0.0709788,0.0,7734.32,2,0.6,0.0,0.07922297544507047,175,SHALLOW,47.3535,9,47.3535,0,0.3180397916666666,8.44044,26.3991,88.0545,182.791,84.8244,65.3743,58.2648,53.2099,50.1091,47.3535,44.8881,42.67,39.9139,37.1763,32.9558,26.9046,20.7006,15.7196,8.57657
99806,64.5706,0.318058,0.920358,0.0421269,0.0685069,0.0,7809.79,2,0.6,0.0,0.0782730617247469,175,SHALLOW,48.0683,9,48.0683,0,0.31529310648148146,8.45302,26.2031,83.4127,185.512,87.7489,66.9659,59.4698,54.1724,50.9363,48.0683,45.5095,43.2123,40.3652,37.5448,33.2117,27.0302,20.7308,15.7193,8.56472
99805,65.1883,0.302752,0.952218,0.0411071,0.0660629,0.0,7886.12,2,0.6,0.0,0.07730962253456633,175,SHALLOW,48.8233,9,48.8233,0,0.312391949074074,8.46548,26.0107,79.3218,187.859,90.9467,68.6733,60.7543,55.194,51.8116,48.8233,46.1644,43.7831,40.8393,37.9315,33.4798,27.1622,20.7638,15.7188,8.55288
99804,65.8112,0.288007,0.976568,0.0401386,0.0636444,0.0,7963.68,2,0.6,0.0,0.07635419945633443,175,SHALLOW,49.6119,9,49.6119,0,0.3093616805555556,8.47822,25.8259,75.7213,189.923,94.4219,70.4901,62.1105,56.267,52.7283,49.6119,46.8468,44.3767,41.3313,38.3319,33.7565,27.2983,20.7985,15.7169,8.54088
99803,66.4394,0.2738,0.993329,0.0392286,0.0612462,0.0,8042.52,2,0.6,0.0,0.07542918201405685,175,SHALLOW,50.4342,9,50.4342,0,0.30620191666666663,8.49133,25.6484,72.5348,191.77,98.2032,72.4211,63.5411,57.3925,53.6868,50.4342,47.5565,44.9928,41.8403,38.7449,34.0413,27.438,20.8344,15.7134,8.5286
99802,67.0727,0.259902,1.0028,0.0383784,0.0588633,0.0,8123.19,2,0.6,0.0,0.07455503452237128,175,SHALLOW,51.2913,9,51.2913,0,0.3029084305555555,8.50491,25.4786,69.6951,193.441,102.33,74.4769,65.051,58.5738,54.6892,51.2913,48.2946,45.6318,42.3671,39.1714,34.334,27.5808,20.8715,15.7083,8.516
99801,67.7108,0.248518,1.00633,0.0375617,0.0565033,0.0,8206.14,2,0.6,0.0,0.07373667852185686,175,SHALLOW,52.1961,9,52.1961,0,0.2994316527777778,8.51854,25.3117,67.1244,194.983,106.893,76.6911,66.6633,59.828,55.7499,52.1961,49.0715,46.3033,42.9193,39.6175,34.6396,27.7304,20.9116,15.7025,8.50331
99800,68.3545,0.235115,1.00726,0.036769,0.0541636,0.0,8289.88,2,0.6,0.0,0.07297444061592542,175,SHALLOW,53.1553,9,53.1553,0,0.29574583796296294,8.53225,25.1467,64.7774,196.42,111.98,79.0899,68.3942,61.1664,56.878,53.1553,49.8935,47.0122,43.5009,40.0866,34.9603,27.8876,20.9552,15.696,8.49057
99799,69.0246,0.231594,1.05503,0.0360565,0.0518417,0.0,8334.06,2,0.6,0.0,0.07229396130535605,175,SHALLOW,54.1513,9,54.1513,0,0.2919186157407408,8.54656,24.99,62.6661,197.739,117.577,81.6448,70.2186,62.567,58.0536,54.1513,50.7442,47.744,44.0993,40.5676,35.2875,28.0471,20.9993,15.6874,8.4774
99798,69.6779,0.232254,1.10745,0.0354399,0.0495427,0.0,8415.88,2,0.6,0.0,0.0717236452721171,175,SHALLOW,55.179,9,55.179,0,0.28796958333333333,8.56162,24.8426,60.7691,198.944,123.727,84.3541,72.1316,64.0244,59.2712,55.179,51.619,48.4941,44.7104,41.0569,35.6189,28.207,21.0432,15.6762,8.46368
99797,70.329,0.229713,1.14954,0.0348363,0.047259,0.0,8514.15,2,0.6,0.0,0.07125193509731084,175,SHALLOW,56.277,9,56.277,0,0.28375041666666667,8.5766,24.6941,59.0001,200.0,130.717,87.3224,74.2042,65.5926,60.5765,56.277,52.5514,49.2918,45.3589,41.5753,35.969,28.377,21.0917,15.6674,8.45
99796,70.9842,0.215622,1.1729,0.034197,0.0449905,0.0,8620.03,2,0.6,0.0,0.07084720163264525,175,SHALLOW,57.4755,9,57.4755,0,0.2791450694444445,8.59112,24.5393,57.3156,200.0,138.862,90.6439,76.4975,67.3156,62.0053,57.4755,53.5664,50.1588,46.0622,42.137,36.3488,28.563,21.1481,15.6627,8.43669
99795,71.6499,0.196171,1.18484,0.0335053,0.0427297,0.0,8721.82,2,0.6,0.0,0.07047574672545018,175,SHALLOW,58.7937,9,58.7937,0,0.2740797638888889,8.605,24.3767,55.6992,200.0,148.515,94.4011,79.0586,69.2251,63.582,58.7937,54.6799,51.1078,46.8309,42.7501,36.7633,28.7678,21.2137,15.6628,8.42376
99794,72.3262,0.173138,1.20091,0.0327751,0.0404714,0.0,8817.7,2,0.48,0.0,0.07011543947481445,175,SHALLOW,60.2388,9,60.2388,0,0.2685268333333333,8.61846,24.2082,54.1543,200.0,160.06,98.6555,81.9165,71.3368,65.3174,60.2388,55.897,52.1427,47.6666,43.4154,37.2125,28.991,21.2881,15.6674,8.41117
99793,72.9252,0.167459,1.22982,0.0320506,0.0382309,0.0,8722.44,2,0.6,0.0,0.06976501652171152,175,SHALLOW,61.8012,9,61.8012,0,0.26252316666666664,8.63179,24.0385,52.6988,200.0,169.302,103.432,85.0714,73.6442,67.2023,61.8012,57.2077,53.2536,48.5609,44.1251,37.6903,29.2285,21.369,15.6754,8.39865
99792,73.5353,0.163826,1.25223,0.0314077,0.0360235,0.0,8951.33,2,0.6,0.0,0.06945528718588441,195,FAST_BEND,63.4483,9,63.4483,0,0.2561940324074074,8.64562,23.8751,51.3611,200.0,173.518,108.691,88.478,76.1061,69.2006,63.4483,58.5832,54.4148,49.4913,44.8606,38.1825,29.4716,21.4522,15.6847,8.3858
99791,74.2204,0.139755,1.27055,0.0306936,0.0338287,0.0,9063.37,2,0.48,0.0,0.0691472376314597,195,FAST_BEND,65.2853,9,65.2853,0,0.2491351898148148,8.6586,23.7023,50.0568,200.0,176.717,114.816,92.3661,78.8827,71.4399,65.2853,60.1111,55.7008,50.5183,45.6704,38.7236,29.7405,21.5474,15.7002,8.37354
99790,74.8364,0.129841,1.28456,0.0300083,0.0316467,0.0,8958.74,2,0.6,0.0,0.06885185414365201,195,FAST_BEND,67.2703,9,67.2703,0,0.24150764351851847,8.67172,23.5306,48.8291,200.0,179.336,121.79,96.6873,81.925,73.8751,67.2703,61.7538,57.0776,51.6127,46.5296,39.295,30.0234,21.6488,15.7187,8.36118
99789,75.4603,0.12592,1.29356,0.0294389,0.0294902,0.0,9194.75,2,0.48,0.0,0.06861579943526712,195,FAST_BEND,69.3555,9,69.3555,0,0.23349506944444443,8.68579,23.3678,47.7061,200.0,181.525,129.567,101.375,85.1728,76.4517,69.3555,63.4691,58.5081,52.7429,47.4125,39.8775,30.3092,21.7506,15.7377,8.34815
99788,76.0712,0.12015,1.29952,0.0288474,0.0273539,0.0,9110.36,2,0.6,0.0,0.06841837376930732,195,FAST_BEND,71.657,9,71.657,0,0.2246513425925926,8.69941,23.2005,46.6218,200.0,183.502,138.702,106.718,88.8132,79.315,71.657,65.3522,60.0713,53.9723,48.3688,40.5058,30.6174,21.8626,15.7618,8.33544
99787,76.7148,0.117659,1.32975,0.028355,0.025238,0.0,9329.26,2,0.6,0.0,0.06829576099344223,195,FAST_BEND,74.1021,9,74.1021,0,0.21525581944444444,8.71381,23.0398,45.6183,157.291,185.24,149.143,112.615,92.7532,82.3819,74.1021,67.339,61.7116,55.2543,49.3604,41.1523,30.932,21.9766,15.7871,8.32215
99786,77.4269,0.102846,1.36612,0.027814,0.0231323,0.0,9440.58,2,0.48,0.0,0.06821454429840265,195,FAST_BEND,76.8401,9,76.8401,0,0.20473480092592589,8.72766,22.872,44.6347,143.802,186.876,161.598,119.485,97.2486,85.8448,76.8401,69.5499,63.5276,56.6657,50.4474,41.8576,31.2751,22.1034,15.8188,8.3093
99785,78.0579,0.0994077,1.39827,0.0272836,0.0210393,0.0,9339.1,2,0.6,0.0,0.06817205175158399,195,FAST_BEND,79.86,9,79.86,0,0.19313055555555556,8.74144,22.7025,43.6907,132.511,188.394,167.767,127.419,102.315,89.7005,79.86,71.9702,65.5037,58.1913,51.6157,42.6106,31.6396,22.2393,15.8551,8.29644
99784,78.6942,0.0957806,1.41893,0.0268239,0.0189692,0.0,9590.65,2,0.48,0.0,0.06819148288476977,195,FAST_BEND,83.1367,9,83.1367,0,0.1805395324074074,8.75574,22.5365,42.8023,123.078,189.779,171.404,136.494,107.951,93.9291,83.1367,74.574,67.6151,59.8094,52.8465,43.3973,32.0174,22.3804,15.894,8.28325
99783,79.3152,0.085303,1.43157,0.0262869,0.0169067,0.0,9507.58,2,0.6,0.0,0.06822876328687656,195,FAST_BEND,86.8817,9,86.8817,0,0.16614902314814817,8.76919,22.3613,41.9191,114.732,191.126,174.323,147.485,114.564,98.8169,86.8817,77.5242,69.9912,61.6169,54.2137,44.2658,32.4335,22.5382,15.9411,8.27067
99782,79.9516,0.0731972,1.44343,0.0257585,0.0148621,0.0,9754.41,2,0.48,0.0,0.06828297111128509,195,FAST_BEND,91.0718,9,91.0718,0,0.15004817592592595,8.78249,22.1842,41.0675,107.474,192.396,176.779,160.233,122.197,104.359,91.0718,80.791,72.6013,63.5854,55.6917,45.1961,32.8763,22.7069,15.9936,8.25818
99781,80.5749,0.0579653,1.45572,0.0251497,0.0128301,0.0,9659.66,2,1.0,0.0,0.05543385551570518,195,FAST_BEND,95.9197,9,95.9197,0,0.13141967129629625,8.79343,21.9982,40.2203,100.939,193.641,178.992,166.34,131.349,110.868,95.9197,84.5288,75.5613,65.7976,57.3402,46.225,33.3632,22.8943,16.055,8.24635
99780,81.373,-0.0330694,1.46667,0.024693,0.0107778,0.0,10814.8,2,0.88,0.0,0.044550326703506456,195,FAST_BEND,101.187,9,101.187,0,0.11117958333333333,8.80366,21.8226,39.4412,95.3892,194.756,180.88,169.945,141.724,118.068,101.187,88.5343,78.6997,68.1158,59.0505,47.2786,33.855,23.0816,16.1164,8.23327
99779,82.3226,-0.199724,1.48008,0.0241576,0.00860087,0.0,11295.2,2,0.88,0.0,0.03537246372901555,195,FAST_BEND,107.355,9,107.355,0,0.0874784722222222,8.81183,21.6407,38.6668,90.3,195.858,182.655,172.86,154.475,126.671,107.355,93.1576,82.2819,70.7307,60.9613,48.4422,34.3922,23.2865,16.1852,8.22037
99778,83.3126,-0.382961,1.49646,0.0237305,0.00626119,0.0,11709.6,2,0.88,0.0,0.027660126434953372,195,FAST_BEND,114.261,9,114.261,0,0.06094152777777779,8.82002,21.4675,37.9441,85.8524,196.899,184.236,175.247,163.066,136.531,114.261,98.243,86.1697,73.5289,62.9814,49.6536,34.942,23.4933,16.2541,8.20759
99777,84.3316,-0.55529,1.51459,0.0234993,0.00374095,0.0,12067.4,2,0.88,0.0,0.0211990114340599,210,STRAIGHT,121.826,9,121.826,0,0.03415481481481483,8.82917,21.309,37.2889,82.0331,197.884,185.607,177.219,166.974,147.63,121.826,103.707,90.2854,76.4449,65.0589,50.878,35.4863,23.6938,16.3192,8.19424
99776,85.376,-0.715294,1.5387,0.0234797,0.0010376,0.0,12374.8,3,0.88,0.0,0.015803385193291514,210,STRAIGHT,130.085,9,130.085,0,0.012742592592592571,8.83933,21.1653,36.6978,78.7445,198.804,186.79,178.87,169.741,158.651,130.085,109.546,94.6153,79.4625,67.179,52.1054,36.0204,23.8863,16.3799,8.18027
99775,86.385,-0.809893,1.56289,0.0237694,-0.0018336,0.0,9787.36,3,0.88,0.0,0.011302771426230701,210,STRAIGHT,138.797,9,138.797,0,0.0,8.85119,21.042,36.1851,75.988,199.613,187.761,180.206,171.815,163.142,138.797,115.566,99.003,82.4668,69.2588,53.2863,36.5217,24.0616,16.4324,8.16512
99774,86.5982,-0.634619,1.57727,0.0254213,-0.0047404,0.0,9791.65,3,1.0,0.0,0.007436651906558402,210,STRAIGHT,144.117,9,144.117,0,0.0,8.8737,21.01,35.9641,74.639,199.814,188.034,180.669,172.624,164.716,144.117,119.136,101.543,84.1555,70.393,53.8963,36.752,24.1211,16.4336,8.14199
99773,86.5376,-0.448213,1.56843,0.0280952,-0.00763957,0.0,7917.73,3,1.0,0.0,0.004012731195640225,210,STRAIGHT,146.204,9,146.204,0,0.0,8.90326,21.0435,35.9515,74.2464,199.547,187.806,180.522,172.616,164.976,146.204,120.469,102.445,84.7123,70.7326,54.0409,36.7688,24.0922,16.397,8.1137
99772,87.0467,-0.338703,1.56102,0.031051,-0.010643,0.0,8613.38,3,0.88,0.0,0.000946816428250593,210,STRAIGHT,147.388,9,147.388,0,0.0,8.9337,21.0922,35.9901,74.0945,199.154,187.446,180.215,172.398,164.918,147.388,121.186,102.9,84.9633,70.86,54.0634,36.7313,24.042,16.352,8.08492
99771,87.8433,-0.2913,1.57006,0.034049,-0.0138601,0.0,8713.68,3,0.88,0.0,-0.0018029031917044902,210,STRAIGHT,148.562,9,148.562,0,0.0,8.96349,21.1398,36.0282,73.9506,198.75,187.073,179.895,172.163,164.831,148.562,121.892,103.347,85.2084,70.9835,54.084,36.6936,23.9924,16.3077,8.05672
99770,88.6749,-0.257129,1.58578,0.0372322,-0.0173442,0.0,8781.68,3,0.88,0.0,-0.004283663544865861,210,STRAIGHT,149.188,9,149.188,0,0.0,8.9944,21.1974,36.0971,73.9426,198.269,186.623,179.482,171.809,164.575,149.188,122.227,103.525,85.2707,70.9799,54.0311,36.6227,23.9291,16.2575,8.02767
99769,89.5248,-0.22111,1.60623,0.0394209,-0.0211,0.0,8831.47,3,0.88,0.0,-0.00641689736858464,210,STRAIGHT,149.031,9,149.031,0,0.0,9.0271,21.2691,36.2091,74.1201,197.686,186.068,178.945,171.298,164.104,149.031,122.035,103.326,85.0767,70.7991,53.876,36.5053,23.8466,16.199,7.99728
99768,90.3805,-0.183424,1.62794,0.0395175,-0.024919,0.0,8879.38,3,0.88,0.0,-0.00803665853698279,210,STRAIGHT,148.086,9,148.086,0,0.0,9.06181,21.3555,36.365,74.4841,197.001,185.41,178.286,170.635,163.422,148.086,121.315,102.748,84.6266,70.4411,53.6186,36.3414,23.7445,16.1318,7.96537
99767,91.2322,-0.146351,1.64756,0.0398067,-0.0287544,0.0,8940.06,3,0.88,0.0,-0.009233282981805199,210,STRAIGHT,146.433,9,146.433,0,0.0,9.09857,21.4561,36.5627,75.0247,196.222,184.655,177.514,169.828,162.544,146.433,120.119,101.828,83.9435,69.9215,53.2674,36.1344,23.6242,16.0564,7.93192
99766,92.0725,-0.110032,1.65611,0.0402409,-0.0326184,0.0,9027.64,3,0.88,0.0,-0.010078944164352472,210,STRAIGHT,144.278,9,144.278,0,0.0,9.13704,21.5678,36.7933,75.7047,195.373,183.826,176.655,168.909,161.507,144.278,118.581,100.66,83.0911,69.2836,52.847,35.8952,23.4902,15.9747,7.89719
99765,92.9124,-0.0776012,1.65894,0.0407813,-0.0365273,0.0,9129.4,3,0.88,0.0,-0.008667891981343125,210,STRAIGHT,141.791,9,141.791,0,0.0,9.177,21.6886,37.0498,76.4947,194.472,182.941,175.728,167.904,160.342,141.791,116.814,99.3242,82.1216,68.5629,52.3773,35.6327,23.3458,15.8881,7.86136
99764,93.7582,-0.0440795,1.66216,0.0413748,-0.0404899,0.0,9237.91,3,0.88,0.0,-0.007454387103955087,210,STRAIGHT,139.184,9,139.184,0,0.0,9.21802,21.8147,37.3215,77.3499,193.543,182.023,174.762,166.848,159.093,139.184,114.956,97.9189,81.1018,67.8054,51.8846,35.3585,23.1959,15.7988,7.82475
99763,94.6153,-0.0117486,1.66946,0.0419447,-0.0445105,0.0,9346.29,3,0.88,0.0,-0.006410772909401375,210,STRAIGHT,136.719,9,136.719,0,0.0,9.25938,21.9409,37.592,78.1992,192.621,181.109,173.802,165.797,157.839,136.719,113.188,96.5742,80.1203,67.0727,51.4048,35.0892,23.0475,15.7097,7.78788
99762,95.4843,0.0127956,1.68039,0.0424609,-0.0485925,0.0,9453.0,3,0.88,0.0,-0.005513264702085182,210,STRAIGHT,134.48,9,134.48,0,0.0013481481481481747,9.30079,22.0649,37.8545,79.0121,191.719,180.214,172.864,164.774,156.613,134.48,111.569,95.334,79.2081,66.3867,50.9508,34.8307,22.903,15.622,7.75093
99761,96.3641,0.029138,1.6944,0.042948,-0.0527404,0.0,9546.9,3,0.88,0.0,-0.004741407643793256,210,STRAIGHT,132.377,9,132.377,0,0.006800370370370345,9.34253,22.1885,38.1144,79.8113,190.825,179.325,171.935,163.762,155.39,132.377,110.036,94.1539,78.3347,65.7263,50.5105,34.5775,22.76,15.5346,7.71369
99760,97.2504,0.0435107,1.71112,0.0434064,-0.0569581,0.0,9629.19,3,0.88,0.0,-0.0040776105736622,210,STRAIGHT,130.396,9,130.396,0,0.01193629629629633,9.38465,22.3118,38.3717,80.5964,189.939,178.443,171.014,162.76,154.17,130.396,108.584,93.0295,77.4976,65.0899,50.0829,34.3291,22.6185,15.4475,7.67612
99759,98.1394,0.0543557,1.72973,0.0438148,-0.061245,0.0,9705.37,3,0.88,0.0,-0.003506745093349492,210,STRAIGHT,128.594,9,128.594,0,0.016608148148148164,9.42692,22.4332,38.6215,81.3442,189.07,177.577,170.115,161.787,152.982,128.594,107.251,91.9901,76.7174,64.4922,49.6768,34.0897,22.4801,15.3613,7.63836
99758,99.0282,0.0590511,1.74861,0.0441846,-0.0656048,0.0,9779.67,3,0.88,0.0,-0.003015800780280563,210,STRAIGHT,126.926,9,126.926,0,0.020932592592592586,9.46947,22.5535,38.8662,82.0649,188.213,176.724,169.231,160.834,151.814,126.926,106.007,91.0142,75.9793,63.923,49.2863,33.8567,22.3438,15.2756,7.60032
99757,99.9149,0.0632074,1.76437,0.0445133,-0.0700343,0.0,9854.93,3,0.88,0.0,-0.002593588671041284,210,STRAIGHT,125.393,9,125.393,0,0.024907037037037033,9.51225,22.6725,39.1048,82.7541,187.368,175.883,168.364,159.905,150.674,125.393,104.854,90.1029,75.2848,63.3834,48.9123,33.6303,22.2097,15.1906,7.56201
99756,100.798,0.06298,1.77956,0.0448053,-0.0745336,0.0,9932.31,3,0.88,0.0,-0.0022304862570955044,210,STRAIGHT,123.973,9,123.973,0,0.02858851851851852,9.55529,22.7904,39.3382,83.4151,186.534,175.053,167.511,158.996,149.56,123.973,103.778,89.2469,74.6272,62.869,48.5521,33.4096,22.0774,15.1059,7.52342
99755,101.679,0.0633909,1.79435,0.045057,-0.0791015,0.0,10011.6,3,0.88,0.0,-0.001918218181102134,210,STRAIGHT,122.673,9,122.673,0,0.031958888888888884,9.59856,22.9068,39.5654,84.0425,185.711,174.237,166.676,158.112,148.481,122.673,102.783,88.4494,74.0094,62.3817,48.2071,33.1952,21.9472,15.0218,7.48456
99754,102.558,0.0603025,1.80882,0.0452721,-0.0837359,0.0,10091.7,3,0.88,0.0,-0.001649667635747835,210,STRAIGHT,121.476,9,121.476,0,0.035062222222222224,9.64205,23.022,39.7869,84.6392,184.898,173.431,165.856,157.251,147.437,121.476,101.859,87.7027,73.4259,61.9179,47.8753,32.9861,21.8187,14.938,7.44543
99753,103.433,0.0562888,1.82144,0.0454698,-0.0884355,0.0,10174.2,3,0.88,0.0,-0.0014187141667431381,210,STRAIGHT,120.328,9,120.328,0,0.038038518518518506,9.68596,23.1374,40.0072,85.2248,184.087,172.628,165.039,156.396,146.398,120.328,100.967,86.9792,72.8575,61.464,47.5484,32.7786,21.6903,14.854,7.40591
99752,104.306,0.0546607,1.8313,0.0456349,-0.0931981,0.0,10257.6,3,0.88,0.0,-0.0012200941833990988,195,FAST_BEND,119.266,9,119.266,0,0.04170935185185183,9.7301,23.2517,40.2224,85.782,183.283,171.834,164.236,155.561,145.395,119.266,100.135,86.2986,72.3182,61.0301,47.2327,32.5755,21.5634,14.7703,7.3661
99751,105.18,0.0502601,1.84191,0.045767,-0.0980209,0.0,10337.0,3,0.88,0.0,-0.0010492809977232249,195,FAST_BEND,118.29,9,118.29,0,0.0454597222222222,9.77444,23.3647,40.4321,86.3091,182.488,171.05,163.446,154.747,144.433,118.29,99.3613,85.6605,71.8079,60.6161,46.928,32.377,21.4378,14.6868,7.32604
99750,106.055,0.0452173,1.85418,0.0458827,-0.102901,0.0,10413.0,3,0.88,0.0,-0.0009023816580419734,195,FAST_BEND,117.353,9,117.353,0,0.0490602314814815,9.81913,23.4778,40.6403,86.8239,181.693,170.267,162.659,153.94,143.484,117.353,98.6145,85.0417,71.3102,60.2104,46.6276,32.1799,21.3124,14.6031,7.28564
99749,106.93,0.0404064,1.86847,0.0459892,-0.10784,0.0,10487.0,3,0.88,0.0,-0.0007760482259160971,195,FAST_BEND,116.437,9,116.437,0,0.0525800462962963,9.86425,23.5915,40.8487,87.3344,180.896,169.483,161.872,153.134,142.535,116.437,97.8809,84.4316,70.818,59.8079,46.3284,31.9826,21.1864,14.5188,7.24482
99748,107.803,0.0361142,1.88438,0.0460898,-0.112836,0.0,10560.6,3,0.88,0.0,-0.0006674014742878436,195,FAST_BEND,115.533,9,115.533,0,0.05605374999999999,9.90983,23.706,41.0579,87.844,180.096,168.694,161.081,152.327,141.58,115.533,97.1543,83.8261,70.3281,59.4065,46.0292,31.7847,21.0596,14.4338,7.20359
99747,108.674,0.0324278,1.90125,0.0461865,-0.117888,0.0,10634.9,3,0.88,0.0,0.0017022499321124552,195,FAST_BEND,114.634,9,114.634,0,0.05950824074074073,9.95588,23.8215,41.2685,88.3549,179.291,167.902,160.287,151.515,140.614,114.634,96.4311,83.2222,69.8386,59.0048,45.7291,31.5857,20.932,14.3481,7.16194
99746,109.543,0.035713,1.91836,0.0462059,-0.122987,0.0,10710.6,3,0.88,0.0,0.004038015821616712,195,FAST_BEND,113.924,9,113.924,0,0.06223648148148145,10.0015,23.9317,41.4617,88.7806,178.512,167.141,159.533,150.765,139.81,113.924,95.8398,82.716,69.4171,58.6511,45.4572,31.3996,20.8094,14.2645,7.12042
99745,110.409,0.0331034,1.93311,0.0460833,-0.128118,0.0,10787.5,3,0.88,0.0,0.006360835366590373,195,FAST_BEND,113.559,9,113.559,0,0.06363902777777779,10.0458,24.031,41.6201,89.0427,177.785,166.444,158.86,150.133,139.326,113.559,95.4921,82.3906,69.1225,58.3875,45.2389,31.2384,20.6974,14.1854,7.07955
99744,111.273,0.0243663,1.94623,0.0458065,-0.133278,0.0,10865.4,3,0.88,0.0,0.00868976961526772,195,FAST_BEND,113.568,9,113.568,0,0.06360444444444445,10.0887,24.1182,41.7404,89.1264,177.113,165.816,158.275,149.628,139.156,113.568,95.4082,82.2609,68.965,58.2211,45.0783,31.1042,20.5967,14.1113,7.03943
99743,112.135,0.0120903,1.9594,0.0453426,-0.138448,0.0,10943.6,3,0.88,0.0,0.01104341018913024,195,FAST_BEND,114.045,9,114.045,0,0.061771527777777765,10.1296,24.1901,41.8133,88.9935,176.511,165.272,157.795,149.272,139.296,114.045,95.652,82.3735,68.9767,58.1747,44.9891,31.0035,20.5103,14.0436,7.0004
99742,112.995,-0.00888823,1.97275,0.0446803,-0.143611,0.0,11021.5,3,0.88,0.0,0.013437885322652006,195,FAST_BEND,115.04,9,115.04,0,0.057948148148148124,10.1682,24.2452,41.8357,88.6346,175.982,164.816,157.423,149.067,139.672,115.04,96.2568,82.7513,69.173,58.2586,44.977,30.9389,20.4394,13.9828,6.96266
99741,113.853,-0.0356435,1.98557,0.0438313,-0.148753,0.0,11100.3,3,0.88,0.0,0.015885062737480728,195,FAST_BEND,116.563,9,116.563,0,0.05209587962962961,10.2044,24.2844,41.8103,88.0702,175.521,164.441,157.15,148.99,140.191,116.563,97.2228,83.3927,69.5504,58.4694,45.0395,30.9089,20.3833,13.9288,6.92623
99740,114.708,-0.0647804,1.99595,0.0427731,-0.153852,0.0,11180.5,3,0.88,0.0,0.018396123074233425,195,FAST_BEND,118.73,9,118.73,0,0.04376898148148146,10.2379,24.3053,41.7317,87.2846,175.139,164.154,156.983,149.047,140.836,118.73,98.6243,84.3477,70.1418,58.8291,45.1887,30.9191,20.3444,13.8826,6.89143
99739,115.563,-0.101051,2.00715,0.0415015,-0.158887,0.0,11257.6,3,0.88,0.0,0.020979870243840744,210,STRAIGHT,121.637,9,121.637,0,0.03464481481481481,10.2684,24.3073,41.5993,86.2865,174.836,163.954,156.917,149.226,141.572,121.637,100.517,85.6521,70.968,59.3504,45.4308,30.9717,20.3237,13.8448,6.85843
99738,116.418,-0.139118,2.0199,0.0400083,-0.163834,0.0,11332.6,3,0.88,0.0,0.02364329096970304,210,STRAIGHT,125.432,9,125.432,0,0.02480592592592592,10.2955,24.2896,41.4122,85.0835,174.617,163.841,156.951,149.519,142.381,125.432,102.985,87.3585,72.0599,60.0521,45.7752,31.0705,20.3225,13.8161,6.82749
99737,117.271,-0.18099,2.0343,0.0382715,-0.16867,0.0,11406.7,3,0.88,0.0,0.026393259033944613,210,STRAIGHT,130.363,9,130.363,0,0.012021851851851851,10.3189,24.2503,41.1664,83.6725,174.492,163.82,157.089,149.924,143.264,130.363,106.171,89.5574,73.4717,60.9679,46.2388,31.2223,20.3437,13.7977,6.79891
99736,118.123,-0.229141,2.04998,0.0363063,-0.173364,0.0,11481.0,3,0.88,0.0,0.029232330929192366,210,STRAIGHT,134.532,9,134.532,0,0.0012133333333333057,10.3384,24.1903,40.8673,82.0905,174.456,163.878,157.314,150.417,144.19,134.532,110.175,92.3036,75.2295,62.1107,46.8258,31.4277,20.3873,13.7897,6.77286
99735,118.971,-0.277666,2.06636,0.0341134,-0.177889,0.0,11556.1,3,0.88,0.0,0.032161047079105436,210,STRAIGHT,136.978,9,136.978,0,0.0,10.3539,24.1099,40.5169,80.36,174.511,164.012,157.619,150.987,145.149,136.978,115.177,95.6984,77.3863,63.5094,47.5485,31.6905,20.4546,13.7927,6.74956
99734,119.817,-0.329067,2.0823,0.0316726,-0.182215,0.0,11632.3,3,0.88,0.0,0.035180144408030675,210,STRAIGHT,138.961,9,138.961,0,0.0,10.3649,24.0074,40.1131,78.4856,174.667,164.224,158.006,151.633,146.148,138.961,121.488,99.9205,80.038,65.2187,48.4318,32.0199,20.5488,13.8082,6.72941
99733,120.66,-0.384398,2.09571,0.0289773,-0.186311,0.0,11709.5,3,0.88,0.0,0.03828909915090638,210,STRAIGHT,140.728,9,140.728,0,0.0,10.371,23.8825,39.6573,76.4862,174.93,164.511,158.47,152.349,147.184,140.728,129.418,105.187,83.2925,67.2964,49.4995,32.4231,20.6726,13.8372,6.71271
99732,121.5,-0.443608,2.10905,0.0260193,-0.190146,0.0,11787.3,3,0.88,0.0,0.041486464629779486,210,STRAIGHT,142.374,9,142.374,0,0.0,10.3721,23.735,39.1509,74.3797,175.308,164.872,159.007,153.13,148.255,142.374,133.984,111.81,87.2983,69.8188,50.7821,32.9096,20.8288,13.881,6.6998
99731,122.337,-0.507159,2.12245,0.0227908,-0.193683,0.0,11865.3,3,0.88,0.0,0.044769607341610354,210,STRAIGHT,143.949,9,143.949,0,0.0,10.3677,23.5645,38.5958,72.1849,175.806,165.303,159.615,153.971,149.36,143.949,136.905,120.246,92.2606,72.8872,52.3176,33.4903,21.0208,13.9408,6.69108
99730,123.171,-0.573343,2.13535,0.0192628,-0.196886,0.0,11944.1,3,0.88,0.0,0.048137068873784904,210,STRAIGHT,145.493,9,145.493,0,0.0,10.3573,23.3694,37.9898,69.9056,176.443,165.813,160.296,154.877,150.508,145.493,139.324,129.657,98.5138,76.664,54.168,34.1836,21.2545,14.0192,6.68709
99729,124.002,-0.648885,2.14599,0.0154222,-0.19972,0.0,12024.3,3,0.88,0.0,0.051586857471455014,210,STRAIGHT,147.025,9,147.025,0,0.0,10.3407,23.1496,37.3352,67.5592,177.231,166.441,161.05,155.846,151.699,147.025,141.492,134.102,106.521,81.3553,56.4027,35.0075,21.535,14.118,6.68825
99728,124.831,-0.728728,2.15725,0.0112589,-0.202142,0.0,12102.3,3,0.88,0.0,0.05511574990545132,210,STRAIGHT,148.553,9,148.553,0,0.0,10.3173,22.905,36.6347,65.1644,123.253,167.21,161.873,156.874,152.932,148.553,143.515,137.281,116.994,87.254,59.1129,35.9838,21.868,14.2393,6.6951
99727,125.659,-0.816075,2.16963,0.00677928,-0.204111,0.0,12178.7,4,0.88,0.0,0.058717920294688135,210,STRAIGHT,150.078,9,150.078,0,0.0,10.2872,22.6372,35.8944,62.748,114.692,168.123,162.754,157.95,154.197,150.078,145.44,139.96,128.333,94.7652,62.4083,37.1346,22.2587,14.3848,6.70802
99726,126.004,-0.81593,2.18237,0.00222503,-0.20556,0.0,9878.86,4,1.0,0.0,0.06236005642943179,210,STRAIGHT,151.489,9,151.489,0,0.0,10.2524,22.3622,35.1587,60.449,107.103,169.092,163.627,158.975,155.387,151.489,147.168,142.215,133.091,103.979,66.2255,38.4166,22.6888,14.547,6.7261
99725,125.856,-0.756307,2.18081,-0.0022669,-0.206383,0.0,9882.62,4,1.0,0.0,0.06599347244931134,210,STRAIGHT,152.751,9,152.751,0,0.0,10.2134,22.0875,34.447,58.3174,100.507,170.07,164.505,159.907,156.463,152.751,148.685,144.12,136.245,115.143,70.549,39.8072,23.1495,14.7228,6.74938
99724,125.717,-0.733827,2.17417,-0.00719172,-0.206563,0.0,9338.31,4,1.0,0.0,0.06962521608240775,210,STRAIGHT,154.097,9,154.097,0,0.0,10.1652,21.7818,33.6808,56.1174,94.1049,171.265,165.584,160.939,157.634,154.097,150.262,146.025,139.023,126.834,76.072,41.4948,23.6998,14.9348,6.78148
99723,126.149,-0.803709,2.17603,-0.0126921,-0.206099,0.0,9878.65,4,0.88,0.0,0.07327567071087067,210,STRAIGHT,155.569,9,155.569,0,0.0,10.1066,21.4391,32.8474,53.821,87.8103,172.751,166.932,162.178,158.94,155.569,151.948,148.001,141.673,132.125,83.4367,43.596,24.3677,15.1923,6.82362
99722,126.834,-0.958433,2.1904,-0.0188653,-0.20501,0.0,9877.51,4,1.0,0.0,0.07697328705134877,210,STRAIGHT,157.184,9,157.184,0,0.0,10.0373,21.0576,31.9453,51.4334,81.6382,115.759,168.603,163.719,160.414,157.184,153.761,150.074,144.295,136.185,93.6644,46.2544,25.1814,15.5032,6.87666
99721,127.548,-1.11165,2.20972,-0.0253635,-0.203246,0.0,9999.68,4,0.88,0.0,0.08070453246415994,210,STRAIGHT,158.795,9,158.795,0,0.0,9.96048,20.66,31.0313,49.1114,75.9681,104.718,170.475,165.446,162.046,158.795,155.548,152.082,146.741,139.565,107.585,49.4579,26.1176,15.8566,6.93889
99720,128.26,-1.23956,2.23136,-0.0320312,-0.200751,0.0,9955.97,4,1.0,0.0,0.08443880167917756,210,STRAIGHT,160.461,9,160.461,0,0.0,9.87745,20.2555,30.1279,46.9062,70.8628,95.3075,116.838,167.311,163.808,160.461,157.256,153.979,148.994,142.483,123.54,53.2715,27.1731,16.2493,7.00994
99719,128.969,-1.3256,2.24817,-0.0386059,-0.197472,0.0,10077.4,4,0.88,0.0,0.08812019776409269,210,STRAIGHT,162.157,9,162.157,0,0.0,9.79031,19.8575,29.265,44.8807,66.3991,87.4637,105.313,169.212,165.603,162.157,158.863,155.688,150.99,144.973,129.733,57.6875,28.3239,16.6712,7.08855
99718,129.662,-1.38679,2.259,-0.0452078,-0.193379,0.0,10049.4,4,1.0,0.0,0.09171100151711972,210,STRAIGHT,163.932,9,163.932,0,0.0,9.69779,19.4591,28.4246,42.9787,62.3893,80.7025,95.7147,114.345,167.483,163.932,160.541,157.299,152.823,147.199,133.873,62.9441,29.6018,17.1315,7.17604
99717,130.354,-1.43284,2.26375,-0.0518493,-0.18843,0.0,10184.2,4,0.88,0.0,0.09517755474472296,210,STRAIGHT,165.796,9,165.796,0,0.0,9.59956,19.0589,27.6031,41.1826,58.7544,74.7931,87.5674,102.973,118.065,165.796,162.302,158.964,154.523,149.225,137.176,69.2999,31.0275,17.6346,7.27311
99716,131.032,-1.49522,2.26497,-0.0587872,-0.182605,0.0,10166.1,4,1.0,0.0,0.09851562084046175,210,STRAIGHT,167.863,9,167.863,0,0.0,9.49337,18.6453,26.7738,39.4258,55.3282,69.4008,80.3196,93.1593,105.179,167.863,164.255,160.811,156.244,151.184,140.11,77.425,32.6777,18.2012,7.38231
99715,131.712,-1.57279,2.26618,-0.0660429,-0.175864,0.0,10306.9,4,0.88,0.0,0.1037476772322708,195,FAST_BEND,106.905,10,166.426,0.5,0.09367222222222221,9.37901,18.2183,25.9371,37.7067,52.0914,64.4566,73.8242,84.5953,94.447,106.905,166.426,162.864,158.145,153.097,142.807,88.1418,34.602,18.8403,7.50466
99714,132.386,-1.68001,2.2716,-0.0738151,-0.168174,0.0,10284.6,4,1.0,0.0,0.10655219569975288,195,FAST_BEND,95.0403,9,95.0403,0,0.13479884722222218,9.25495,17.7709,25.0787,35.9926,48.9681,59.8151,67.8506,76.9027,85.0116,95.0403,107.761,165.223,160.33,155.109,145.414,103.249,36.9129,19.5761,7.64273
99713,133.061,-1.80573,2.27937,-0.0819552,-0.159477,0.0,10421.1,4,0.88,0.0,0.10927322006178748,195,FAST_BEND,84.9813,9,84.9813,0,0.17345148611111108,9.12232,17.3109,24.2156,34.3187,46.0151,55.54,62.4527,70.098,76.8225,84.9813,95.087,107.93,162.768,157.346,147.898,119.638,39.6662,20.4116,7.79649
99712,133.729,-1.95321,2.28861,-0.0904906,-0.149743,0.0,10395.5,4,1.0,0.0,0.11190131013313724,195,FAST_BEND,76.3381,9,76.3381,0,0.2066637824074074,8.98105,16.8387,23.3487,32.6842,43.2185,51.588,57.5484,64.0321,69.643,76.3381,84.4645,94.5352,113.663,159.847,150.296,126.432,42.9898,21.3639,7.96725
99711,134.399,-2.09443,2.29942,-0.0992169,-0.138918,0.0,10529.5,4,0.88,0.0,0.11440456863449802,195,FAST_BEND,68.9876,9,68.9876,0,0.23490875925925925,8.83258,16.3628,22.495,31.12,40.6209,48.0,53.1663,58.7043,63.4294,68.9876,75.6197,83.6696,98.3377,162.555,152.626,131.232,46.9683,22.4328,8.15434
99710,135.061,-2.24152,2.31138,-0.108209,-0.126973,0.0,10501.5,4,1.0,0.0,0.1167614086256683,195,FAST_BEND,62.6107,9,62.6107,0,0.2594125879629629,8.67639,15.8811,21.6494,29.6118,38.1845,44.7035,49.1973,53.9514,57.9572,62.6107,68.0824,74.6082,86.1843,104.784,155.157,135.212,51.8335,23.6433,8.3596
99709,135.724,-2.37314,2.32262,-0.117288,-0.11385,0.0,10635.1,4,0.88,0.0,0.11893182181807475,175,SHALLOW,57.1111,9,57.1111,0,0.28054531018518514,8.51357,15.3997,20.8232,28.1774,35.9284,41.71,45.6401,49.7499,53.1749,57.1111,61.6816,67.0529,76.3735,90.8174,157.859,138.636,57.7792,24.9987,8.58252
99708,136.378,-2.50802,2.33341,-0.126575,-0.0995297,0.0,10606.7,4,1.0,0.0,0.12089247312354429,175,SHALLOW,52.2601,9,52.2601,0,0.29918572685185185,8.34333,14.9148,20.008,26.797,33.8094,38.9472,42.3954,45.9635,48.9081,52.2601,56.11,60.5772,68.1859,79.6311,160.794,141.723,65.2754,26.536,8.82545
99707,137.034,-2.62756,2.34385,-0.135899,-0.083962,0.0,10739.6,4,0.88,0.0,0.12260311168624807,175,SHALLOW,48.005,9,48.005,0,0.31553634259259256,8.1666,14.4315,19.2126,25.4833,31.84,36.4215,39.4612,42.5773,45.1268,48.005,51.2795,55.0379,61.3397,70.5896,98.4855,144.501,74.8049,28.2631,9.08787
99706,137.681,-2.74961,2.35342,-0.145396,-0.067126,0.0,10710.7,4,0.88,0.0,0.12404160165017335,175,SHALLOW,44.1921,9,44.1921,0,0.3301877638888888,7.98254,13.9456,18.4286,24.2172,29.9821,34.0742,36.7606,39.4913,41.708,44.1921,46.9945,50.1805,55.4506,63.0269,84.7919,147.09,87.4579,30.2322,9.37253
99705,138.278,-2.8284,2.36224,-0.154813,-0.0489757,0.0,10743.4,4,1.0,0.0,0.12516069897914908,175,SHALLOW,40.8175,9,40.8175,0,0.34315497685185187,7.79249,13.4637,17.6669,23.0158,28.2563,31.9248,34.3104,36.717,38.6573,40.8175,43.2368,45.9647,50.4252,56.7266,74.135,149.677,104.509,32.4434,9.6777
99704,138.916,-2.91327,2.37011,-0.164239,-0.029497,0.0,10887.1,4,0.88,0.0,0.1259279159220682,175,SHALLOW,37.7793,9,37.7793,0,0.3548295416666666,7.59585,12.9828,16.9213,21.8645,26.6339,29.9303,32.0554,34.1847,35.8908,37.7793,39.8807,42.233,46.0409,51.3406,65.5133,152.414,116.01,34.9536,10.0056
99703,139.553,-3.01934,2.37651,-0.17389,-0.00867788,0.0,10859.3,4,0.88,0.0,0.12633637903697864,175,SHALLOW,34.98,9,34.98,0,0.3655861111111111,7.39154,12.4979,16.1816,20.7435,25.0813,28.0433,29.9374,31.8232,33.3258,34.98,36.8101,38.8453,42.1102,46.5943,58.2552,155.394,121.972,37.8682,10.3604
99702,140.143,-3.089,2.3827,-0.18347,0.0135162,0.0,10890.6,4,0.65,0.0,0.12634830941180164,175,SHALLOW,32.4426,9,32.4426,0,0.3753363055555555,7.181,12.0155,15.459,19.6703,23.6205,26.288,27.9814,29.6577,30.9866,32.4426,34.045,35.8168,38.6368,42.4656,52.1894,96.6222,126.47,41.1994,10.7396
99701,140.607,-3.07797,2.38864,-0.192765,0.0371087,0.0,10759.8,4,0.65,0.0,0.1259082665341494,175,SHALLOW,30.1574,9,30.1574,0,0.38411739814814816,6.96509,11.5391,14.7589,18.6512,22.2573,24.6682,26.1886,27.6861,28.8679,30.1574,31.5701,33.1242,35.5809,38.884,47.1074,81.9099,130.106,44.9606,11.1408
99700,140.96,-2.97096,2.39058,-0.201516,0.0621255,0.0,10772.6,4,0.65,0.0,0.1249409426193685,175,SHALLOW,28.1145,9,28.1145,0,0.3919674305555555,6.74464,11.0722,14.0863,17.6921,20.9963,23.186,24.5589,25.9054,26.9637,28.1145,29.3702,30.7458,32.9078,35.7905,42.8508,70.9979,133.075,49.1231,11.5602
99699,141.305,-2.84974,2.39059,-0.210046,0.0885514,0.0,10797.3,4,0.65,0.0,0.12341502513265691,175,SHALLOW,26.2282,9,26.2282,0,0.39921571296296293,6.5181,10.6073,13.427,16.7679,19.7983,21.7905,23.0332,24.2469,25.1977,26.2282,27.3487,28.5715,30.4835,33.0145,39.1255,62.3146,135.658,53.8586,12.0032
99698,141.65,-2.74708,2.39158,-0.218555,0.116367,0.0,10821.8,4,0.65,0.0,0.12132488601408495,175,SHALLOW,24.4526,9,24.4526,0,0.4060386203703703,6.28472,10.1406,12.774,15.8654,18.6428,20.4548,21.5797,22.6743,23.529,24.4526,25.4536,26.5422,28.2365,30.4646,35.776,55.0932,137.999,59.3726,12.474
99697,141.997,-2.66642,2.39421,-0.227079,0.145555,0.0,10845.6,4,0.65,0.0,0.11867033117211305,175,SHALLOW,22.7718,9,22.7718,0,0.41249725,6.04455,9.67155,12.1259,14.9817,17.5241,19.171,20.1886,21.1756,21.9438,22.7718,23.6665,24.6363,26.1393,28.1038,32.7334,48.9588,140.184,65.8725,12.9744
99696,142.345,-2.60194,2.39766,-0.235583,0.176096,0.0,10869.2,4,0.65,0.0,0.11544880640801722,175,SHALLOW,21.1791,9,21.1791,0,0.41861734722222216,5.79791,9.20101,11.4835,14.1171,16.4413,17.9368,18.8569,19.7464,20.4369,21.1791,21.979,22.8434,24.1779,25.9125,29.9579,43.6824,142.437,73.5968,13.5047
99695,142.694,-2.54936,2.40027,-0.243994,0.207976,0.0,10892.9,4,0.65,0.0,0.1116515799108948,175,SHALLOW,19.6711,9,19.6711,0,0.42441197685185184,5.54519,8.73005,10.8483,13.2727,15.395,16.7519,17.5835,18.3851,19.0056,19.6711,20.3865,21.1575,22.3435,23.8774,27.4213,39.106,144.776,82.8262,14.0642
99694,143.044,-2.49627,2.40231,-0.252245,0.241175,0.0,10916.4,4,0.65,0.0,0.10726556472336952,175,SHALLOW,18.2425,9,18.2425,0,0.42990150462962956,5.28669,8.25936,10.2208,12.4489,14.3844,15.6147,16.3659,17.088,17.6457,18.2425,18.8826,19.5707,20.6257,21.984,25.0959,35.1021,147.182,93.9291,14.6523
99693,143.395,-2.44112,2.40457,-0.260281,0.275672,0.0,10939.7,4,0.65,0.0,0.1022751968620978,175,SHALLOW,16.8873,9,16.8873,0,0.43510898611111115,5.0227,7.7894,9.60144,11.6452,13.408,14.5225,15.2007,15.8509,16.3521,16.8873,17.46,18.0744,19.0136,20.2179,22.9559,31.5682,85.518,103.57,15.2679
99692,143.749,-2.37792,2.40643,-0.26804,0.311444,0.0,10963.1,4,0.1,0.0,0.0966621941014041,135,MEDIUM,15.5992,9,15.5992,0,0.4400586296296296,4.75342,7.32044,8.99011,10.8609,12.464,13.4724,14.0841,14.6693,15.1194,15.5992,16.1118,16.6604,17.4969,18.5654,20.9786,28.4233,70.5402,108.835,15.9096
99691,143.75,-2.26,2.40629,-0.275463,0.348439,0.0,10671.8,4,0.1,0.0,0.09040794412720753,135,MEDIUM,14.3731,9,14.3731,0,0.4447700324074074,4.47923,6.85291,8.387,10.0955,11.5506,12.4618,13.013,13.5391,13.9431,14.3731,14.8315,15.3214,16.0664,17.0151,19.1445,25.6032,59.2547,112.682,16.5751
99690,143.546,-2.16121,2.39767,-0.282811,0.386545,0.0,10652.8,4,0.1,0.0,0.08352933474939847,135,MEDIUM,13.1899,9,13.1899,0,0.449316587962963,4.20012,6.38475,7.78808,9.34185,10.6576,11.478,11.9729,12.4444,12.8059,13.1899,13.5988,14.0349,14.6967,15.5368,17.4119,23.012,50.2106,115.856,17.2709
99689,143.345,-2.1117,2.38676,-0.290238,0.425701,0.0,10637.9,4,0.1,0.0,0.07605999948448268,135,MEDIUM,12.0406,9,12.0406,0,0.4537328796296296,3.91615,5.91511,7.19158,8.59687,9.78023,10.515,10.9571,11.3775,11.6993,12.0406,12.4035,12.7899,13.375,14.1156,15.7598,20.5996,42.6932,118.638,18.0023
99688,143.147,-2.09382,2.37844,-0.297589,0.465871,0.0,10623.3,4,0.1,0.0,0.0680153559566551,135,MEDIUM,10.9297,9,10.9297,0,0.4580016157407407,3.62793,5.44567,6.59987,7.86364,8.92217,9.57681,9.96976,10.3428,10.6277,10.9297,11.2503,11.5911,12.1061,12.7561,14.1923,18.3636,36.4032,121.086,18.7655
99687,142.952,-2.07234,2.3738,-0.304615,0.507008,0.0,10608.8,4,0.1,0.0,0.058493206122723386,135,MEDIUM,9.86228,9,9.86228,0,0.46210327592592587,3.33616,4.97833,6.01563,7.14569,8.08758,8.66795,9.01556,9.34496,9.59629,9.86228,10.1442,10.4436,10.8951,11.4636,12.7142,16.3034,31.1259,123.197,19.5515
99686,142.761,-2.02698,2.37114,-0.31105,0.549068,0.0,10594.6,4,0.1,0.0,0.05030415726554211,135,MEDIUM,8.8401,9,8.8401,0,0.46603109722222213,3.04139,4.51436,5.4405,6.44497,7.27852,7.79049,8.09652,8.38612,8.6068,8.8401,9.0871,9.34905,9.7435,10.2391,11.325,14.4101,26.6728,124.955,20.3486
99685,142.575,-1.93505,2.36877,-0.316734,0.591986,0.0,10580.7,4,0.1,0.0,0.04037958564836622,135,MEDIUM,7.8599,9,7.8599,0,0.4697976064814815,2.74396,4.054,4.87444,5.76087,6.49371,6.94259,7.21046,7.46363,7.65635,7.8599,8.0752,8.30328,8.64628,9.07643,10.0159,12.6623,22.8602,126.368,21.1468
99684,142.392,-1.80659,2.36665,-0.321566,0.635686,0.0,10567.1,4,0.1,0.0,0.02976195965759495,135,MEDIUM,6.91621,9,6.91621,0,0.4734238226851851,2.44412,3.5969,4.31652,5.09152,5.73026,6.12061,6.35323,6.57287,6.73991,6.91621,7.10254,7.29976,7.59601,7.96698,8.77508,11.0357,19.5358,127.452,21.9369
99683,142.214,-1.64354,2.36343,-0.325459,0.680081,0.0,10553.9,4,0.1,0.0,0.018412789705531653,135,MEDIUM,6.00329,9,6.00329,0,0.4769318023148148,2.14212,3.14262,3.76557,4.43478,4.98498,5.32062,5.52042,5.70891,5.85218,6.00329,6.16289,6.33171,6.58509,6.902,7.59091,9.50779,16.582,128.246,22.7092
99682,142.04,-1.45744,2.35819,-0.328313,0.72506,0.0,10540.9,4,0.0,0.8,-0.021587210294468348,80,MEDIUM,5.11601,9,5.11601,0,0.48034125787037035,1.83836,2.69084,3.22065,3.78877,4.25503,4.5391,4.70806,4.86738,4.98841,5.11601,5.25072,5.39314,5.60677,5.87374,6.45322,8.05948,13.91,128.779,23.4524
99681,140.625,-1.35206,2.34203,-0.329301,0.770233,0.0,9930.14,4,0.0,0.8,-0.06158721029446835,80,MEDIUM,4.26307,9,4.26307,0,0.4836187587962963,1.53557,2.24587,2.68704,3.15981,3.54758,3.78373,3.92415,4.05653,4.15708,4.26307,4.37495,4.49322,4.67057,4.89215,5.37286,6.70361,11.5292,128.812,24.115
99680,138.544,-1.15328,2.30056,-0.328376,0.814931,0.0,9648.36,4,0.0,0.8,-0.10158721029446835,80,MEDIUM,3.44307,9,3.44307,0,0.48676968472222215,1.23741,1.81112,2.16767,2.54998,2.86373,3.05488,3.16857,3.27577,3.35721,3.44307,3.53371,3.62954,3.77328,3.9529,4.34278,5.4234,9.35823,128.326,24.6774
99679,136.348,-0.860085,2.25579,-0.326097,0.858958,0.0,9374.58,4,0.0,0.8,-0.14158721029446836,80,MEDIUM,2.64167,9,2.64167,0,0.48984913842592587,0.944097,1.38434,1.65834,1.95256,2.19437,2.34183,2.4296,2.51239,2.57531,2.64167,2.71175,2.78586,2.89709,3.03618,3.33844,4.17874,7.27063,127.48,25.1595
99678,134.086,-0.502455,2.2214,-0.322873,0.902213,0.0,9111.87,4,0.0,1.0,-0.18158721029446837,50,MEDIUM,1.84915,9,1.84915,0,0.4928944699074074,0.655606,0.963811,1.15604,1.36288,1.53322,1.63726,1.69923,1.75773,1.80221,1.84915,1.89875,1.95123,2.03004,2.1287,2.34344,2.9431,5.18351,126.394,25.5783
99677,131.765,-0.100024,2.19912,-0.319053,0.944643,0.0,8612.37,4,0.0,1.0,-0.22158721029446837,50,MEDIUM,1.0589,9,1.0589,0,0.4959310787037037,0.371851,0.548349,0.658712,0.777766,0.876047,0.936178,0.972038,1.00591,1.03169,1.0589,1.08768,1.11815,1.16395,1.22134,1.34653,1.69799,3.03622,125.172,25.9502
99676,129.4,0.323241,2.1829,-0.315041,0.986226,0.0,8178.65,4,0.0,1.0,-0.26158721029446835,50,MEDIUM,0.266726,9,0.266726,0,0.4989750806481481,0.0927146,0.137168,0.165041,0.195189,0.220142,0.235438,0.24457,0.253205,0.259779,0.266726,0.274075,0.281863,0.29358,0.308281,0.340421,0.431181,0.784083,123.924,26.2957
99675,127.028,0.729343,2.16678,-0.311181,1.02696,0.0,7776.5,4,0.0,1.0,-0.30158721029446833,50,MEDIUM,-1.0,12,-1.0,1.7,0.5746759259259259,-1.0,-1.0,-1.0,-1.0,-1.0,-1.0,-1.0,-1.0,-1.0,-1.0,-1.0,-1.0,-1.0,-1.0,-1.0,-1.0,-1.0,-1.0,-1.0
99674,124.657,1.0894,2.14979,-0.30775,1.06688,0.0,7393.25,3,0.0,1.0,-0.3415872102944683,50,MEDIUM,-1.0,12,-1.0,1.7,0.5746759259259259,-1.0,-1.0,-1.0,-1.0,-1.0,-1.0,-1.0,-1.0,-1.0,-1.0,-1.0,-1.0,-1.0,-1.0,-1.0,-1.0,-1.0,-1.0,-1.0
